Id,domain_no,hmm_species,chain_type,e-value,score,seqstart_index,seqend_index,identity_species,v_gene,v_identity,j_gene,j_identity,1,2,3,4,5,6,7,8,9,10,11,12,13,14,15,16,17,18,19,20,21,22,23,24,25,26,27,28,29,30,31,32,33,34,35,36,37,38,39,40,41,42,43,44,45,46,47,48,49,50,51,52,53,54,55,56,57,58,59,60,61,62,63,64,65,66,67,68,69,70,71,72,73,74,75,76,77,78,79,80,81,82,83,84,85,86,87,88,89,90,91,92,93,94,95,96,97,98,99,100,101,102,103,104,105,106,107,108,109,110,111,112,113,114,115,116,117,118,119,120,121,122,123,124,125,126,127,128,129,130,131,132,133,134,135,136,137,138,139,140,141,142,143,144,145,146,147,148,149
AAAGTAGCATTACCTT-2_TRG_None,0,human,G,6.7e-50,159.3,18,110,,,0.00,,0.00,S,S,N,L,E,G,R,T,K,S,V,I,R,Q,T,G,S,S,A,E,I,T,C,D,L,A,-,-,E,G,S,N,-,-,-,-,-,-,G,Y,I,H,W,Y,L,H,Q,E,G,K,A,P,Q,R,L,Q,Y,Y,D,S,Y,-,-,N,S,K,V,V,L,E,S,G,V,S,P,G,K,Y,Y,T,Y,A,S,T,R,-,N,N,L,R,L,I,L,R,N,L,I,E,N,D,F,G,V,Y,-,-,-,-,-,-,-,-,-,-,-,-,-,-,-,-,-,-,-,-,-,-,-,-,-,-,-,-,-,-,-,-,-,-,-,-,-,-,-,-,-,-,-,-,-
AACTCTTTCCACGACG-1_TRG_CATWDGQETSGSRLTF,0,human,G,2.5e-58,186.6,18,137,,,0.00,,0.00,S,S,N,L,E,G,R,T,K,S,V,I,R,Q,T,G,S,S,A,E,I,T,C,D,L,A,-,-,E,G,S,N,-,-,-,-,-,-,G,Y,I,H,W,Y,L,H,Q,E,G,K,A,P,Q,R,L,Q,Y,Y,D,S,Y,-,-,N,S,K,V,V,L,E,S,G,V,S,P,G,K,Y,Y,T,Y,A,S,T,R,-,N,N,L,R,L,I,L,R,N,L,I,E,N,D,F,G,V,Y,Y,C,A,T,W,D,G,Q,E,T,-,-,-,-,-,-,-,-,-,-,-,-,-,-,-,-,-,-,S,G,S,R,L,T,F,G,E,G,T,Q,L,T,V,N,P
ACATCAGGTTCGGCAC-3_TRG_None,0,human,G,1.1e-49,158.6,18,110,,,0.00,,0.00,S,S,N,L,E,G,R,T,K,S,V,I,R,Q,T,G,S,S,A,E,I,T,C,D,L,A,-,-,E,G,S,N,-,-,-,-,-,-,G,Y,I,H,W,Y,L,H,Q,E,G,K,A,P,Q,R,L,Q,Y,Y,D,S,Y,-,-,N,S,K,V,V,L,E,S,G,V,S,P,G,K,Y,Y,T,Y,A,S,T,R,-,N,N,L,R,L,I,L,R,N,L,I,E,N,D,F,G,V,Y,-,-,-,-,-,-,-,-,-,-,-,-,-,-,-,-,-,-,-,-,-,-,-,-,-,-,-,-,-,-,-,-,-,-,-,-,-,-,-,-,-,-,-,-,-
ACCTTTAGTAAGTGGC-8_TRG_CATWYSQETQYF,0,human,G,2.5e-58,186.5,18,133,,,0.00,,0.00,S,S,N,L,E,G,R,T,K,S,V,T,R,Q,T,G,S,S,A,E,I,T,C,D,L,T,-,-,V,T,N,T,-,-,-,-,-,-,F,Y,I,H,W,Y,L,H,Q,E,G,K,A,P,Q,R,L,L,Y,Y,D,V,S,-,-,T,A,R,D,V,L,E,S,G,L,S,P,G,K,Y,Y,T,H,T,P,R,R,-,W,S,W,I,L,R,L,Q,N,L,I,E,N,D,S,G,V,Y,Y,C,A,T,W,Y,S,Q,-,-,-,-,-,-,-,-,-,-,-,-,-,-,-,-,-,-,-,-,-,-,E,T,Q,Y,F,G,P,G,T,R,L,L,V,L,E
ACTATCTAGACGCTTT-8_TRG_CATWYSQETQYF,0,human,G,6.9e-58,185.1,18,133,,,0.00,,0.00,S,S,N,L,E,G,R,T,K,S,V,T,R,Q,T,G,S,S,A,E,I,T,C,D,L,T,-,-,V,T,N,T,-,-,-,-,-,-,F,Y,I,H,W,Y,L,H,Q,E,G,K,A,P,Q,R,L,L,Y,Y,D,V,S,-,-,T,A,R,D,V,L,E,S,G,L,S,P,G,K,Y,Y,T,H,T,P,R,R,-,W,S,W,I,L,R,L,Q,N,L,I,E,N,D,S,G,V,Y,Y,C,A,T,W,Y,S,Q,-,-,-,-,-,-,-,-,-,-,-,-,-,-,-,-,-,-,-,-,-,-,E,T,Q,Y,F,G,P,G,T,R,L,L,V,L,E
ACTGAGTTCGTACCGG-8_TRG_CATWYSQETQYF,0,human,G,2.5e-58,186.5,18,133,,,0.00,,0.00,S,S,N,L,E,G,R,T,K,S,V,T,R,Q,T,G,S,S,A,E,I,T,C,D,L,T,-,-,V,T,N,T,-,-,-,-,-,-,F,Y,I,H,W,Y,L,H,Q,E,G,K,A,P,Q,R,L,L,Y,Y,D,V,S,-,-,T,A,R,D,V,L,E,S,G,L,S,P,G,K,Y,Y,T,H,T,P,R,R,-,W,S,W,I,L,R,L,Q,N,L,I,E,N,D,S,G,V,Y,Y,C,A,T,W,Y,S,Q,-,-,-,-,-,-,-,-,-,-,-,-,-,-,-,-,-,-,-,-,-,-,E,T,Q,Y,F,G,P,G,T,R,L,L,V,L,E
ATCACGAGTCCGAGTC-6_TRG_CATWGSTQHF,0,human,G,5.9e-57,182.1,18,131,,,0.00,,0.00,S,S,N,L,E,G,R,T,K,S,V,I,R,Q,T,G,S,S,A,E,I,T,C,D,L,A,-,-,E,G,S,T,-,-,-,-,-,-,G,Y,I,H,W,Y,L,H,Q,E,G,K,A,P,Q,R,L,L,Y,Y,D,S,Y,-,-,T,S,S,V,V,L,E,S,G,I,S,P,G,K,Y,D,T,Y,G,S,T,R,-,K,N,L,R,M,I,L,R,N,L,I,E,N,D,S,G,V,Y,Y,C,A,T,W,G,S,-,-,-,-,-,-,-,-,-,-,-,-,-,-,-,-,-,-,-,-,-,-,-,-,T,Q,H,F,G,D,G,T,R,L,S,I,L,E
ATGAGGGCATCGGTTA-7_TRG_None,0,human,G,6.7e-50,159.3,18,110,,,0.00,,0.00,S,S,N,L,E,G,R,T,K,S,V,I,R,Q,T,G,S,S,A,E,I,T,C,D,L,A,-,-,E,G,S,N,-,-,-,-,-,-,G,Y,I,H,W,Y,L,H,Q,E,G,K,A,P,Q,R,L,Q,Y,Y,D,S,Y,-,-,N,S,K,V,V,L,E,S,G,V,S,P,G,K,Y,Y,T,Y,A,S,T,R,-,N,N,L,R,L,I,L,R,N,L,I,E,N,D,F,G,V,Y,-,-,-,-,-,-,-,-,-,-,-,-,-,-,-,-,-,-,-,-,-,-,-,-,-,-,-,-,-,-,-,-,-,-,-,-,-,-,-,-,-,-,-,-,-
ATTCTACCAACACGCC-8_TRG_CATWYSQETQYF,0,human,G,3.3e-58,186.2,18,133,,,0.00,,0.00,S,S,N,L,E,G,R,T,K,S,V,T,R,Q,T,G,S,S,A,E,I,T,C,D,L,T,-,-,V,T,N,T,-,-,-,-,-,-,F,Y,I,H,W,Y,L,H,Q,E,G,K,A,P,Q,R,L,L,Y,Y,D,V,S,-,-,T,A,R,D,V,L,E,S,G,L,S,P,G,K,Y,Y,T,H,T,P,R,R,-,W,S,W,I,L,R,L,Q,N,L,I,E,N,D,S,G,V,Y,Y,C,A,T,W,Y,S,Q,-,-,-,-,-,-,-,-,-,-,-,-,-,-,-,-,-,-,-,-,-,-,E,T,Q,Y,F,G,P,G,T,R,L,L,V,L,E
ATTGGACAGACTAGAT-2_TRG_None,0,human,G,3e-50,160.4,18,110,,,0.00,,0.00,S,S,N,L,E,G,R,T,K,S,V,I,R,Q,T,G,S,S,A,E,I,T,C,D,L,A,-,-,E,G,S,N,-,-,-,-,-,-,G,Y,I,H,W,Y,L,H,Q,E,G,K,A,P,Q,R,L,Q,Y,Y,D,S,Y,-,-,N,S,K,V,V,L,E,S,G,V,S,P,G,K,Y,Y,T,Y,A,S,T,R,-,N,N,L,R,L,I,L,R,N,L,I,E,N,D,F,G,V,Y,-,-,-,-,-,-,-,-,-,-,-,-,-,-,-,-,-,-,-,-,-,-,-,-,-,-,-,-,-,-,-,-,-,-,-,-,-,-,-,-,-,-,-,-,-
CAGAGAGCAGCCTTGG-7_TRG_None,0,human,G,4.7e-50,159.8,18,110,,,0.00,,0.00,S,S,N,L,E,G,R,T,K,S,V,I,R,Q,T,G,S,S,A,E,I,T,C,D,L,A,-,-,E,G,S,N,-,-,-,-,-,-,G,Y,I,H,W,Y,L,H,Q,E,G,K,A,P,Q,R,L,Q,Y,Y,D,S,Y,-,-,N,S,K,V,V,L,E,S,G,V,S,P,G,K,Y,Y,T,Y,A,S,T,R,-,N,N,L,R,L,I,L,R,N,L,I,E,N,D,F,G,V,Y,-,-,-,-,-,-,-,-,-,-,-,-,-,-,-,-,-,-,-,-,-,-,-,-,-,-,-,-,-,-,-,-,-,-,-,-,-,-,-,-,-,-,-,-,-
CATCCACAGGTGCAAC-7_TRG_None,0,human,G,6.2e-55,175.6,18,117,,,0.00,,0.00,S,S,N,L,E,G,R,T,K,S,V,I,R,Q,T,G,S,S,A,E,I,T,C,D,L,A,-,-,E,G,S,N,-,-,-,-,-,-,G,Y,I,H,W,Y,L,H,Q,E,G,K,A,P,Q,R,L,Q,Y,Y,D,S,Y,-,-,N,S,K,V,V,L,E,S,G,V,S,P,G,K,Y,Y,T,Y,A,S,T,R,-,N,N,L,R,L,I,L,R,N,L,I,E,N,D,F,G,V,Y,Y,C,A,T,W,-,-,-,-,-,-,-,-,-,-,-,-,-,-,-,-,-,-,-,-,-,-,-,-,-,-,-,D,G,-,-,-,-,-,-,-,-,-,-,-
CGGACACAGACTAGAT-1_TRG_None,0,human,G,3.6e-50,160.2,18,110,,,0.00,,0.00,S,S,N,L,E,G,R,T,K,S,V,I,R,Q,T,G,S,S,A,E,I,T,C,D,L,A,-,-,E,G,S,N,-,-,-,-,-,-,G,Y,I,H,W,Y,L,H,Q,E,G,K,A,P,Q,R,L,Q,Y,Y,D,S,Y,-,-,N,S,K,V,V,L,E,S,G,V,S,P,G,K,Y,Y,T,Y,A,S,T,R,-,N,N,L,R,L,I,L,R,N,L,I,E,N,D,F,G,V,Y,-,-,-,-,-,-,-,-,-,-,-,-,-,-,-,-,-,-,-,-,-,-,-,-,-,-,-,-,-,-,-,-,-,-,-,-,-,-,-,-,-,-,-,-,-
CTCGGAGAGTACGTAA-2_TRG_None,0,human,G,8.1e-50,159.1,18,110,,,0.00,,0.00,S,S,N,L,E,G,R,T,K,S,V,I,R,Q,T,G,S,S,A,E,I,T,C,D,L,A,-,-,E,G,S,N,-,-,-,-,-,-,G,Y,I,H,W,Y,L,H,Q,E,G,K,A,P,Q,R,L,Q,Y,Y,D,S,Y,-,-,N,S,K,V,V,L,E,S,G,V,S,P,G,K,Y,Y,T,Y,A,S,T,R,-,N,N,L,R,L,I,L,R,N,L,I,E,N,D,F,G,V,Y,-,-,-,-,-,-,-,-,-,-,-,-,-,-,-,-,-,-,-,-,-,-,-,-,-,-,-,-,-,-,-,-,-,-,-,-,-,-,-,-,-,-,-,-,-
CTGAAGTTCTTTACGT-2_TRG_None,0,human,G,2.9e-50,160.5,18,110,,,0.00,,0.00,S,S,N,L,E,G,R,T,K,S,V,I,R,Q,T,G,S,S,A,E,I,T,C,D,L,A,-,-,E,G,S,N,-,-,-,-,-,-,G,Y,I,H,W,Y,L,H,Q,E,G,K,A,P,Q,R,L,Q,Y,Y,D,S,Y,-,-,N,S,K,V,V,L,E,S,G,V,S,P,G,K,Y,Y,T,Y,A,S,T,R,-,N,N,L,R,L,I,L,R,N,L,I,E,N,D,F,G,V,Y,-,-,-,-,-,-,-,-,-,-,-,-,-,-,-,-,-,-,-,-,-,-,-,-,-,-,-,-,-,-,-,-,-,-,-,-,-,-,-,-,-,-,-,-,-
GCGGGTTTCACAAACC-12_TRG_None,0,human,G,5.6e-55,175.7,18,116,,,0.00,,0.00,S,S,N,L,E,G,R,T,K,S,V,T,R,Q,T,G,S,S,A,E,I,T,C,D,L,T,-,-,V,T,N,T,-,-,-,-,-,-,F,Y,I,H,W,Y,L,H,Q,E,G,K,A,P,Q,R,L,L,Y,Y,D,V,S,-,-,T,A,R,D,V,L,E,S,G,L,S,P,G,K,Y,Y,T,H,T,P,R,R,-,W,S,W,I,L,R,L,Q,N,L,I,E,N,D,S,G,V,Y,Y,C,A,T,W,-,-,-,-,-,-,-,-,-,-,-,-,-,-,-,-,-,-,-,-,-,-,-,-,-,-,-,-,D,-,-,-,-,-,-,-,-,-,-,-
GGGCACTTCCTTAATC-12_TRG_None,0,human,G,4.3e-50,159.9,18,110,,,0.00,,0.00,S,S,N,L,E,G,R,T,K,S,V,I,R,Q,T,G,S,S,A,E,I,T,C,D,L,A,-,-,E,G,S,N,-,-,-,-,-,-,G,Y,I,H,W,Y,L,H,Q,E,G,K,A,P,Q,R,L,Q,Y,Y,D,S,Y,-,-,N,S,K,V,V,L,E,S,G,V,S,P,G,K,Y,Y,T,Y,A,S,T,R,-,N,N,L,R,L,I,L,R,N,L,I,E,N,D,F,G,V,Y,-,-,-,-,-,-,-,-,-,-,-,-,-,-,-,-,-,-,-,-,-,-,-,-,-,-,-,-,-,-,-,-,-,-,-,-,-,-,-,-,-,-,-,-,-
GTACTTTAGACAGACC-12_TRG_CATWDGPGGRGAQKLVF,0,human,G,6.3e-59,188.5,18,138,,,0.00,,0.00,S,S,N,L,E,G,R,T,K,S,V,I,R,Q,T,G,S,S,A,E,I,T,C,D,L,A,-,-,E,G,S,N,-,-,-,-,-,-,G,Y,I,H,W,Y,L,H,Q,E,G,K,A,P,Q,R,L,Q,Y,Y,D,S,Y,-,-,N,S,K,V,V,L,E,S,G,V,S,P,G,K,Y,Y,T,Y,A,S,T,R,-,N,N,L,R,L,I,L,R,N,L,I,E,N,D,F,G,V,Y,Y,C,A,T,W,D,G,P,G,G,-,-,-,-,-,-,-,-,-,-,-,-,-,-,-,-,-,R,G,A,Q,K,L,V,F,G,Q,G,T,R,L,T,I,N,P
GTGAAGGTCTGCAGTA-5_TRG_None,0,human,G,3e-50,160.4,18,110,,,0.00,,0.00,S,S,N,L,E,G,R,T,K,S,V,I,R,Q,T,G,S,S,A,E,I,T,C,D,L,A,-,-,E,G,S,N,-,-,-,-,-,-,G,Y,I,H,W,Y,L,H,Q,E,G,K,A,P,Q,R,L,Q,Y,Y,D,S,Y,-,-,N,S,K,V,V,L,E,S,G,V,S,P,G,K,Y,Y,T,Y,A,S,T,R,-,N,N,L,R,L,I,L,R,N,L,I,E,N,D,F,G,V,Y,-,-,-,-,-,-,-,-,-,-,-,-,-,-,-,-,-,-,-,-,-,-,-,-,-,-,-,-,-,-,-,-,-,-,-,-,-,-,-,-,-,-,-,-,-
GTGCATAAGAAGGCCT-6_TRG_CATWGSTQHF,0,human,G,5.7e-57,182.2,18,131,,,0.00,,0.00,S,S,N,L,E,G,R,T,K,S,V,I,R,Q,T,G,S,S,A,E,I,T,C,D,L,A,-,-,E,G,S,T,-,-,-,-,-,-,G,Y,I,H,W,Y,L,H,Q,E,G,K,A,P,Q,R,L,L,Y,Y,D,S,Y,-,-,T,S,S,V,V,L,E,S,G,I,S,P,G,K,Y,D,T,Y,G,S,T,R,-,K,N,L,R,M,I,L,R,N,L,I,E,N,D,S,G,V,Y,Y,C,A,T,W,G,S,-,-,-,-,-,-,-,-,-,-,-,-,-,-,-,-,-,-,-,-,-,-,-,-,T,Q,H,F,G,D,G,T,R,L,P,I,L,E
GTGCTTCGTCACACGC-11_TRG_CATWRGSLVIGSRRLQK,0,human,G,2e-54,174.0,18,119,,,0.00,,0.00,S,S,N,L,E,G,R,T,K,S,V,I,R,Q,T,G,S,S,A,E,I,T,C,D,L,A,-,-,E,G,S,N,-,-,-,-,-,-,G,Y,I,H,W,Y,L,H,Q,E,G,K,A,P,Q,R,L,Q,Y,Y,D,S,Y,-,-,N,S,K,V,V,L,E,S,G,V,S,P,G,K,Y,Y,T,Y,A,S,T,R,-,N,N,L,R,L,I,L,R,N,L,I,E,N,D,F,G,V,Y,Y,C,A,T,W,R,-,-,-,-,-,-,-,-,-,-,-,-,-,-,-,-,-,-,-,-,-,-,-,-,-,G,S,L,-,-,-,-,-,-,-,-,-,-,-
TAAGCGTCACACGCTG-8_TRG_CATWYSQETQYF,0,human,G,2.5e-58,186.5,18,133,,,0.00,,0.00,S,S,N,L,E,G,R,T,K,S,V,T,R,Q,T,G,S,S,A,E,I,T,C,D,L,T,-,-,V,T,N,T,-,-,-,-,-,-,F,Y,I,H,W,Y,L,H,Q,E,G,K,A,P,Q,R,L,L,Y,Y,D,V,S,-,-,T,A,R,D,V,L,E,S,G,L,S,P,G,K,Y,Y,T,H,T,P,R,R,-,W,S,W,I,L,R,L,Q,N,L,I,E,N,D,S,G,V,Y,Y,C,A,T,W,Y,S,Q,-,-,-,-,-,-,-,-,-,-,-,-,-,-,-,-,-,-,-,-,-,-,E,T,Q,Y,F,G,P,G,T,R,L,L,V,L,E
TACAGTGGTCAACATC-8_TRG_CATWYSQETQYF,0,human,G,2.5e-58,186.5,18,133,,,0.00,,0.00,S,S,N,L,E,G,R,T,K,S,V,T,R,Q,T,G,S,S,A,E,I,T,C,D,L,T,-,-,V,T,N,T,-,-,-,-,-,-,F,Y,I,H,W,Y,L,H,Q,E,G,K,A,P,Q,R,L,L,Y,Y,D,V,S,-,-,T,A,R,D,V,L,E,S,G,L,S,P,G,K,Y,Y,T,H,T,P,R,R,-,W,S,W,I,L,R,L,Q,N,L,I,E,N,D,S,G,V,Y,Y,C,A,T,W,Y,S,Q,-,-,-,-,-,-,-,-,-,-,-,-,-,-,-,-,-,-,-,-,-,-,E,T,Q,Y,F,G,P,G,T,R,L,L,V,L,E
TACCTATCACGAAACG-1_TRG_None,0,human,G,3e-50,160.4,18,110,,,0.00,,0.00,S,S,N,L,E,G,R,T,K,S,V,I,R,Q,T,G,S,S,A,E,I,T,C,D,L,A,-,-,E,G,S,N,-,-,-,-,-,-,G,Y,I,H,W,Y,L,H,Q,E,G,K,A,P,Q,R,L,Q,Y,Y,D,S,Y,-,-,N,S,K,V,V,L,E,S,G,V,S,P,G,K,Y,Y,T,Y,A,S,T,R,-,N,N,L,R,L,I,L,R,N,L,I,E,N,D,F,G,V,Y,-,-,-,-,-,-,-,-,-,-,-,-,-,-,-,-,-,-,-,-,-,-,-,-,-,-,-,-,-,-,-,-,-,-,-,-,-,-,-,-,-,-,-,-,-
TCACGAATCTGGTGTA-9_TRG_None,0,human,G,4.5e-50,159.9,18,110,,,0.00,,0.00,S,S,N,L,E,G,R,T,K,S,V,I,R,Q,T,G,S,S,A,E,I,T,C,D,L,A,-,-,E,G,S,N,-,-,-,-,-,-,G,Y,I,H,W,Y,L,H,Q,E,G,K,A,P,Q,R,L,Q,Y,Y,D,S,Y,-,-,N,S,K,V,V,L,E,S,G,V,S,P,G,K,Y,Y,T,Y,A,S,T,R,-,N,N,L,R,L,I,L,R,N,L,I,E,N,D,F,G,V,Y,-,-,-,-,-,-,-,-,-,-,-,-,-,-,-,-,-,-,-,-,-,-,-,-,-,-,-,-,-,-,-,-,-,-,-,-,-,-,-,-,-,-,-,-,-
TCAGCTCAGGGAAACA-3_TRG_None,0,human,G,4.3e-50,159.9,18,110,,,0.00,,0.00,S,S,N,L,E,G,R,T,K,S,V,I,R,Q,T,G,S,S,A,E,I,T,C,D,L,A,-,-,E,G,S,N,-,-,-,-,-,-,G,Y,I,H,W,Y,L,H,Q,E,G,K,A,P,Q,R,L,Q,Y,Y,D,S,Y,-,-,N,S,K,V,V,L,E,S,G,V,S,P,G,K,Y,Y,T,Y,A,S,T,R,-,N,N,L,R,L,I,L,R,N,L,I,E,N,D,F,G,V,Y,-,-,-,-,-,-,-,-,-,-,-,-,-,-,-,-,-,-,-,-,-,-,-,-,-,-,-,-,-,-,-,-,-,-,-,-,-,-,-,-,-,-,-,-,-
TGACTTTAGGTGGGTT-8_TRG_CATWYSQETQYF,0,human,G,2.5e-58,186.5,18,133,,,0.00,,0.00,S,S,N,L,E,G,R,T,K,S,V,T,R,Q,T,G,S,S,A,E,I,T,C,D,L,T,-,-,V,T,N,T,-,-,-,-,-,-,F,Y,I,H,W,Y,L,H,Q,E,G,K,A,P,Q,R,L,L,Y,Y,D,V,S,-,-,T,A,R,D,V,L,E,S,G,L,S,P,G,K,Y,Y,T,H,T,P,R,R,-,W,S,W,I,L,R,L,Q,N,L,I,E,N,D,S,G,V,Y,Y,C,A,T,W,Y,S,Q,-,-,-,-,-,-,-,-,-,-,-,-,-,-,-,-,-,-,-,-,-,-,E,T,Q,Y,F,G,P,G,T,R,L,L,V,L,E
TTCTCAAGTACGACCC-1_TRG_None,0,human,G,3.4e-50,160.3,18,110,,,0.00,,0.00,S,S,N,L,E,G,R,T,K,S,V,I,R,Q,T,G,S,S,A,E,I,T,C,D,L,A,-,-,E,G,S,N,-,-,-,-,-,-,G,Y,I,H,W,Y,L,H,Q,E,G,K,A,P,Q,R,L,Q,Y,Y,D,S,Y,-,-,N,S,K,V,V,L,E,S,G,V,S,P,G,K,Y,Y,T,Y,A,S,T,R,-,N,N,L,R,L,I,L,R,N,L,I,E,N,D,F,G,V,Y,-,-,-,-,-,-,-,-,-,-,-,-,-,-,-,-,-,-,-,-,-,-,-,-,-,-,-,-,-,-,-,-,-,-,-,-,-,-,-,-,-,-,-,-,-
