Id,domain_no,hmm_species,chain_type,e-value,score,seqstart_index,seqend_index,identity_species,v_gene,v_identity,j_gene,j_identity,1,2,3,4,5,6,7,8,9,10,11,12,13,14,15,16,17,18,19,20,21,22,23,24,25,26,27,28,29,30,31,32,33,34,35,36,37,38,39,40,41,42,43,44,45,46,47,48,49,50,51,52,53,54,55,56,57,58,59,60,61,62,63,64,65,66,67,68,69,70,71,72,73,74,75,76,77,78,79,80,81,82,83,84,85,86,87,88,89,90,91,92,93,94,95,96,97,98,99,100,101,102,103,104,105,106,107,108,109,110,111,112,113,114,115,116,117,118,119,120,121,122,123,123A,123B,123C,123D,123E,123F,123G,123H,123I,123J,123K,123L,123M,123N,123O,124,125,126,127,128,129,130,131,132,133,134,135,136,137,138,139,140,141,142,143,144,145,146,147,148,149
AAACCTGTCCCTAACC-11_IGH_CARDRGSGGSNYKLTF,0,human,H,3e-55,177.0,19,139,,,0.00,,0.00,E,V,Q,L,V,E,S,-,G,G,G,L,V,Q,P,G,G,S,L,R,L,S,C,A,A,S,G,-,F,T,F,S,S,-,-,-,-,-,Y,W,M,H,W,V,R,Q,A,P,G,K,G,L,V,W,V,S,R,I,N,S,D,-,-,-,G,S,S,T,S,Y,A,D,S,V,K,G,R,F,T,I,S,R,D,N,A,K,N,T,L,Y,L,Q,M,N,S,L,R,A,E,D,T,A,V,Y,Y,C,A,R,D,R,G,S,G,G,-,-,-,-,-,-,-,-,-,-,-,-,-,-,-,-,-,-,-,-,-,-,-,-,-,-,-,-,-,-,-,-,-,S,N,Y,K,L,T,F,G,K,G,T,L,L,T,V,N,P
AAATGCCGTTAGATGA-29_IGH_CARDRGSGGSNYKLTF,0,human,H,8.5e-55,175.5,19,139,,,0.00,,0.00,E,V,Q,L,V,E,S,-,G,G,G,L,V,Q,P,G,G,S,L,R,L,S,C,A,A,S,G,-,F,T,F,S,S,-,-,-,-,-,Y,W,M,H,W,V,R,Q,A,P,G,K,G,L,V,W,V,S,R,I,N,S,D,-,-,-,G,S,S,T,S,Y,A,D,S,V,K,G,R,F,T,I,S,R,D,N,A,K,N,T,L,Y,L,Q,M,N,S,L,R,A,E,D,T,A,V,Y,Y,C,A,R,D,R,G,S,G,G,-,-,-,-,-,-,-,-,-,-,-,-,-,-,-,-,-,-,-,-,-,-,-,-,-,-,-,-,-,-,-,-,-,S,N,Y,K,L,T,F,G,K,G,T,L,L,T,V,N,P
AACCATGCAGACAGGT-20_IGH_CARDRGSGGSNYKLTF,0,human,H,8.5e-55,175.5,19,139,,,0.00,,0.00,E,V,Q,L,V,E,S,-,G,G,G,L,V,Q,P,G,G,S,L,R,L,S,C,A,A,S,G,-,F,T,F,S,S,-,-,-,-,-,Y,W,M,H,W,V,R,Q,A,P,G,K,G,L,V,W,V,S,R,I,N,S,D,-,-,-,G,S,S,T,S,Y,A,D,S,V,K,G,R,F,T,I,S,R,D,N,A,K,N,T,L,Y,L,Q,M,N,S,L,R,A,E,D,T,A,V,Y,Y,C,A,R,D,R,G,S,G,G,-,-,-,-,-,-,-,-,-,-,-,-,-,-,-,-,-,-,-,-,-,-,-,-,-,-,-,-,-,-,-,-,-,S,N,Y,K,L,T,F,G,K,G,T,L,L,T,V,N,P
AACCATGTCTGCCCTA-22_IGH_CARDRGSGGSNYKLTF,0,human,H,8.5e-55,175.5,19,139,,,0.00,,0.00,E,V,Q,L,V,E,S,-,G,G,G,L,V,Q,P,G,G,S,L,R,L,S,C,A,A,S,G,-,F,T,F,S,S,-,-,-,-,-,Y,W,M,H,W,V,R,Q,A,P,G,K,G,L,V,W,V,S,R,I,N,S,D,-,-,-,G,S,S,T,S,Y,A,D,S,V,K,G,R,F,T,I,S,R,D,N,A,K,N,T,L,Y,L,Q,M,N,S,L,R,A,E,D,T,A,V,Y,Y,C,A,R,D,R,G,S,G,G,-,-,-,-,-,-,-,-,-,-,-,-,-,-,-,-,-,-,-,-,-,-,-,-,-,-,-,-,-,-,-,-,-,S,N,Y,K,L,T,F,G,K,G,T,L,L,T,V,N,P
AACTCTTAGGAGCGAG-19_IGH_CARDRGSGGSNYKLTF,0,human,H,3.8e-55,176.6,19,139,,,0.00,,0.00,E,V,Q,L,V,E,S,-,G,G,G,L,V,Q,P,G,G,S,L,R,L,S,C,A,A,S,G,-,F,T,F,S,S,-,-,-,-,-,Y,W,M,H,W,V,R,Q,A,P,G,K,G,L,V,W,V,S,R,I,N,S,D,-,-,-,G,S,S,T,S,Y,A,D,S,V,K,G,R,F,T,I,S,R,D,N,A,K,N,T,L,Y,L,Q,M,N,S,L,R,A,E,D,T,A,V,Y,Y,C,A,R,D,R,G,S,G,G,-,-,-,-,-,-,-,-,-,-,-,-,-,-,-,-,-,-,-,-,-,-,-,-,-,-,-,-,-,-,-,-,-,S,N,Y,K,L,T,F,G,K,G,T,L,L,T,V,N,P
ACGATGTCACTGAAGG-34_IGH_CARDRGSGGSNYKLTF,0,human,H,3.3e-55,176.8,19,139,,,0.00,,0.00,E,V,Q,L,V,E,S,-,G,G,G,L,V,Q,P,G,G,S,L,R,L,S,C,A,A,S,G,-,F,T,F,S,S,-,-,-,-,-,Y,W,M,H,W,V,R,Q,A,P,G,K,G,L,V,W,V,S,R,I,N,S,D,-,-,-,G,S,S,T,S,Y,A,D,S,V,K,G,R,F,T,I,S,R,D,N,A,K,N,T,L,Y,L,Q,M,N,S,L,R,A,E,D,T,A,V,Y,Y,C,A,R,D,R,G,S,G,G,-,-,-,-,-,-,-,-,-,-,-,-,-,-,-,-,-,-,-,-,-,-,-,-,-,-,-,-,-,-,-,-,-,S,N,Y,K,L,T,F,G,K,G,T,L,L,T,V,N,P
ACGGCCAAGTTCGCGC-8_IGH_CARDRGSGGSNYKLTF,0,human,H,8.3e-55,175.5,19,139,,,0.00,,0.00,E,V,Q,L,V,E,S,-,G,G,G,L,V,Q,P,G,G,S,L,R,L,S,C,A,A,S,G,-,F,T,F,S,S,-,-,-,-,-,Y,W,M,H,W,V,R,Q,A,P,G,K,G,L,V,W,V,S,R,I,N,S,D,-,-,-,G,S,S,T,S,Y,A,D,S,V,K,G,R,F,T,I,S,R,D,N,A,K,N,T,L,Y,L,Q,M,N,S,L,R,A,E,D,T,A,V,Y,Y,C,A,R,D,R,G,S,G,G,-,-,-,-,-,-,-,-,-,-,-,-,-,-,-,-,-,-,-,-,-,-,-,-,-,-,-,-,-,-,-,-,-,S,N,Y,K,L,T,F,G,K,G,T,L,L,T,V,N,P
ACGGGTCAGCGTTGCC-37_IGH_CARDRGSGGSNYKLTF,0,human,H,3e-55,177.0,19,139,,,0.00,,0.00,E,V,Q,L,V,E,S,-,G,G,G,L,V,Q,P,G,G,S,L,R,L,S,C,A,A,S,G,-,F,T,F,S,S,-,-,-,-,-,Y,W,M,H,W,V,R,Q,A,P,G,K,G,L,V,W,V,S,R,I,N,S,D,-,-,-,G,S,S,T,S,Y,A,D,S,V,K,G,R,F,T,I,S,R,D,N,A,K,N,T,L,Y,L,Q,M,N,S,L,R,A,E,D,T,A,V,Y,Y,C,A,R,D,R,G,S,G,G,-,-,-,-,-,-,-,-,-,-,-,-,-,-,-,-,-,-,-,-,-,-,-,-,-,-,-,-,-,-,-,-,-,S,N,Y,K,L,T,F,G,K,G,T,L,L,T,V,N,P
ACTATCTAGGAATGGA-24_IGH_CARDRGSGGSNYKLTF,0,human,H,3e-55,177.0,19,139,,,0.00,,0.00,E,V,Q,L,V,E,S,-,G,G,G,L,V,Q,P,G,G,S,L,R,L,S,C,A,A,S,G,-,F,T,F,S,S,-,-,-,-,-,Y,W,M,H,W,V,R,Q,A,P,G,K,G,L,V,W,V,S,R,I,N,S,D,-,-,-,G,S,S,T,S,Y,A,D,S,V,K,G,R,F,T,I,S,R,D,N,A,K,N,T,L,Y,L,Q,M,N,S,L,R,A,E,D,T,A,V,Y,Y,C,A,R,D,R,G,S,G,G,-,-,-,-,-,-,-,-,-,-,-,-,-,-,-,-,-,-,-,-,-,-,-,-,-,-,-,-,-,-,-,-,-,S,N,Y,K,L,T,F,G,K,G,T,L,L,T,V,N,P
ACTATCTCAATAGAGT-17_IGH_CARDRGSGGSNYKLTF,0,human,H,3.2e-55,176.9,19,139,,,0.00,,0.00,E,V,Q,L,V,E,S,-,G,G,G,L,V,Q,P,G,G,S,L,R,L,S,C,A,A,S,G,-,F,T,F,S,S,-,-,-,-,-,Y,W,M,H,W,V,R,Q,A,P,G,K,G,L,V,W,V,S,R,I,N,S,D,-,-,-,G,S,S,T,S,Y,A,D,S,V,K,G,R,F,T,I,S,R,D,N,A,K,N,T,L,Y,L,Q,M,N,S,L,R,A,E,D,T,A,V,Y,Y,C,A,R,D,R,G,S,G,G,-,-,-,-,-,-,-,-,-,-,-,-,-,-,-,-,-,-,-,-,-,-,-,-,-,-,-,-,-,-,-,-,-,S,N,Y,K,L,T,F,G,K,G,T,L,L,T,V,N,P
ACTGTCCCATCCCACT-37_IGH_CARDRGSGGSNYKLTF,0,human,H,3e-55,177.0,19,139,,,0.00,,0.00,E,V,Q,L,V,E,S,-,G,G,G,L,V,Q,P,G,G,S,L,R,L,S,C,A,A,S,G,-,F,T,F,S,S,-,-,-,-,-,Y,W,M,H,W,V,R,Q,A,P,G,K,G,L,V,W,V,S,R,I,N,S,D,-,-,-,G,S,S,T,S,Y,A,D,S,V,K,G,R,F,T,I,S,R,D,N,A,K,N,T,L,Y,L,Q,M,N,S,L,R,A,E,D,T,A,V,Y,Y,C,A,R,D,R,G,S,G,G,-,-,-,-,-,-,-,-,-,-,-,-,-,-,-,-,-,-,-,-,-,-,-,-,-,-,-,-,-,-,-,-,-,S,N,Y,K,L,T,F,G,K,G,T,L,L,T,V,N,P
AGACGTTGTACGAAAT-30_IGH_CARDRGSGGSNYKLTF,0,human,H,3e-55,177.0,19,139,,,0.00,,0.00,E,V,Q,L,V,E,S,-,G,G,G,L,V,Q,P,G,G,S,L,R,L,S,C,A,A,S,G,-,F,T,F,S,S,-,-,-,-,-,Y,W,M,H,W,V,R,Q,A,P,G,K,G,L,V,W,V,S,R,I,N,S,D,-,-,-,G,S,S,T,S,Y,A,D,S,V,K,G,R,F,T,I,S,R,D,N,A,K,N,T,L,Y,L,Q,M,N,S,L,R,A,E,D,T,A,V,Y,Y,C,A,R,D,R,G,S,G,G,-,-,-,-,-,-,-,-,-,-,-,-,-,-,-,-,-,-,-,-,-,-,-,-,-,-,-,-,-,-,-,-,-,S,N,Y,K,L,T,F,G,K,G,T,L,L,T,V,N,P
AGAGCGAAGCCCGAAA-17_IGH_CARDRGSGGSNYKLTF,0,human,H,4.4e-55,176.4,19,139,,,0.00,,0.00,E,V,Q,L,V,E,S,-,G,G,G,L,V,Q,P,G,G,S,L,R,L,S,C,A,A,S,G,-,F,T,F,S,S,-,-,-,-,-,Y,W,M,H,W,V,R,Q,A,P,G,K,G,L,V,W,V,S,R,I,N,S,D,-,-,-,G,S,S,T,S,Y,A,D,S,V,K,G,R,F,T,I,S,R,D,N,A,K,N,T,L,Y,L,Q,M,N,S,L,R,A,E,D,T,A,V,Y,Y,C,A,R,D,R,G,S,G,G,-,-,-,-,-,-,-,-,-,-,-,-,-,-,-,-,-,-,-,-,-,-,-,-,-,-,-,-,-,-,-,-,-,S,N,Y,K,L,T,F,G,K,G,T,L,L,T,V,N,P
AGATTGCGTACGCACC-4_IGH_CARDRGSGGSNYKLTF,0,human,H,3e-55,177.0,19,139,,,0.00,,0.00,E,V,Q,L,V,E,S,-,G,G,G,L,V,Q,P,G,G,S,L,R,L,S,C,A,A,S,G,-,F,T,F,S,S,-,-,-,-,-,Y,W,M,H,W,V,R,Q,A,P,G,K,G,L,V,W,V,S,R,I,N,S,D,-,-,-,G,S,S,T,S,Y,A,D,S,V,K,G,R,F,T,I,S,R,D,N,A,K,N,T,L,Y,L,Q,M,N,S,L,R,A,E,D,T,A,V,Y,Y,C,A,R,D,R,G,S,G,G,-,-,-,-,-,-,-,-,-,-,-,-,-,-,-,-,-,-,-,-,-,-,-,-,-,-,-,-,-,-,-,-,-,S,N,Y,K,L,T,F,G,K,G,T,L,L,T,V,N,P
AGCTCCTAGTACGATA-33_IGH_CARDRGSGGSNYKLTF,0,human,H,3e-55,177.0,19,139,,,0.00,,0.00,E,V,Q,L,V,E,S,-,G,G,G,L,V,Q,P,G,G,S,L,R,L,S,C,A,A,S,G,-,F,T,F,S,S,-,-,-,-,-,Y,W,M,H,W,V,R,Q,A,P,G,K,G,L,V,W,V,S,R,I,N,S,D,-,-,-,G,S,S,T,S,Y,A,D,S,V,K,G,R,F,T,I,S,R,D,N,A,K,N,T,L,Y,L,Q,M,N,S,L,R,A,E,D,T,A,V,Y,Y,C,A,R,D,R,G,S,G,G,-,-,-,-,-,-,-,-,-,-,-,-,-,-,-,-,-,-,-,-,-,-,-,-,-,-,-,-,-,-,-,-,-,S,N,Y,K,L,T,F,G,K,G,T,L,L,T,V,N,P
AGCTCCTGTTGCCTCT-40_IGH_CARDRGSGGSNYKLTF,0,human,H,3.8e-55,176.6,19,139,,,0.00,,0.00,E,V,Q,L,V,E,S,-,G,G,G,L,V,Q,P,G,G,S,L,R,L,S,C,A,A,S,G,-,F,T,F,S,S,-,-,-,-,-,Y,W,M,H,W,V,R,Q,A,P,G,K,G,L,V,W,V,S,R,I,N,S,D,-,-,-,G,S,S,T,S,Y,A,D,S,V,K,G,R,F,T,I,S,R,D,N,A,K,N,T,L,Y,L,Q,M,N,S,L,R,A,E,D,T,A,V,Y,Y,C,A,R,D,R,G,S,G,G,-,-,-,-,-,-,-,-,-,-,-,-,-,-,-,-,-,-,-,-,-,-,-,-,-,-,-,-,-,-,-,-,-,S,N,Y,K,L,T,F,G,K,G,T,L,L,T,V,N,P
AGTAGTCTCCGTAGGC-28_IGH_CARDRGSGGSNYKLTF,0,human,H,3e-55,177.0,19,139,,,0.00,,0.00,E,V,Q,L,V,E,S,-,G,G,G,L,V,Q,P,G,G,S,L,R,L,S,C,A,A,S,G,-,F,T,F,S,S,-,-,-,-,-,Y,W,M,H,W,V,R,Q,A,P,G,K,G,L,V,W,V,S,R,I,N,S,D,-,-,-,G,S,S,T,S,Y,A,D,S,V,K,G,R,F,T,I,S,R,D,N,A,K,N,T,L,Y,L,Q,M,N,S,L,R,A,E,D,T,A,V,Y,Y,C,A,R,D,R,G,S,G,G,-,-,-,-,-,-,-,-,-,-,-,-,-,-,-,-,-,-,-,-,-,-,-,-,-,-,-,-,-,-,-,-,-,S,N,Y,K,L,T,F,G,K,G,T,L,L,T,V,N,P
AGTTGGTAGTCAAGGC-23_IGH_CARVPYGNKLVF,0,human,H,1.3e-53,171.6,19,135,,,0.00,,0.00,E,V,Q,L,V,E,S,-,G,G,G,L,V,Q,P,G,G,S,L,R,L,S,C,A,A,S,G,-,F,T,F,S,S,-,-,-,-,-,Y,W,M,H,W,V,R,Q,A,P,G,K,G,L,V,W,V,S,R,I,N,S,D,-,-,-,G,S,S,T,S,Y,A,D,S,V,K,G,R,F,T,I,S,R,D,N,A,K,N,T,L,Y,L,Q,M,N,S,L,R,A,E,D,T,A,V,Y,Y,C,A,R,V,P,Y,G,-,-,-,-,-,-,-,-,-,-,-,-,-,-,-,-,-,-,-,-,-,-,-,-,-,-,-,-,-,-,-,-,-,-,-,-,-,N,K,L,V,F,G,A,G,T,I,L,R,V,K,S
ATCATGGCAAGTTGTC-39_IGH_CARDRGSGGSNYKLTF,0,human,H,3.4e-55,176.8,19,139,,,0.00,,0.00,E,V,Q,L,V,E,S,-,G,G,G,L,V,Q,P,G,G,S,L,R,L,S,C,A,A,S,G,-,F,T,F,S,S,-,-,-,-,-,Y,W,M,H,W,V,R,Q,A,P,G,K,G,L,V,W,V,S,R,I,N,S,D,-,-,-,G,S,S,T,S,Y,A,D,S,V,K,G,R,F,T,I,S,R,D,N,A,K,N,T,L,Y,L,Q,M,N,S,L,R,A,E,D,T,A,V,Y,Y,C,A,R,D,R,G,S,G,G,-,-,-,-,-,-,-,-,-,-,-,-,-,-,-,-,-,-,-,-,-,-,-,-,-,-,-,-,-,-,-,-,-,S,N,Y,K,L,T,F,G,K,G,T,L,L,T,V,N,P
ATCTGCCGTAGCGCAA-23_IGH_CARDRGSGGSNYKLTF,0,human,H,3e-55,177.0,19,139,,,0.00,,0.00,E,V,Q,L,V,E,S,-,G,G,G,L,V,Q,P,G,G,S,L,R,L,S,C,A,A,S,G,-,F,T,F,S,S,-,-,-,-,-,Y,W,M,H,W,V,R,Q,A,P,G,K,G,L,V,W,V,S,R,I,N,S,D,-,-,-,G,S,S,T,S,Y,A,D,S,V,K,G,R,F,T,I,S,R,D,N,A,K,N,T,L,Y,L,Q,M,N,S,L,R,A,E,D,T,A,V,Y,Y,C,A,R,D,R,G,S,G,G,-,-,-,-,-,-,-,-,-,-,-,-,-,-,-,-,-,-,-,-,-,-,-,-,-,-,-,-,-,-,-,-,-,S,N,Y,K,L,T,F,G,K,G,T,L,L,T,V,N,P
ATGGGAGGTTCAGCGC-39_IGH_CARDRGSGGSNYKLTF,0,human,H,3e-55,177.0,19,139,,,0.00,,0.00,E,V,Q,L,V,E,S,-,G,G,G,L,V,Q,P,G,G,S,L,R,L,S,C,A,A,S,G,-,F,T,F,S,S,-,-,-,-,-,Y,W,M,H,W,V,R,Q,A,P,G,K,G,L,V,W,V,S,R,I,N,S,D,-,-,-,G,S,S,T,S,Y,A,D,S,V,K,G,R,F,T,I,S,R,D,N,A,K,N,T,L,Y,L,Q,M,N,S,L,R,A,E,D,T,A,V,Y,Y,C,A,R,D,R,G,S,G,G,-,-,-,-,-,-,-,-,-,-,-,-,-,-,-,-,-,-,-,-,-,-,-,-,-,-,-,-,-,-,-,-,-,S,N,Y,K,L,T,F,G,K,G,T,L,L,T,V,N,P
ATTATCCGTGCACCAC-8_IGH_CARDRGSGGSNYKLTF,0,human,H,7.5e-38,120.7,0,87,,,0.00,,0.00,-,-,-,-,-,-,-,-,-,-,-,-,-,-,-,-,-,-,-,-,-,-,-,-,-,-,-,-,-,-,-,-,-,-,-,-,-,-,-,-,M,H,W,V,R,Q,A,P,G,K,G,L,V,W,V,S,R,I,N,S,D,-,-,-,G,S,S,T,S,Y,A,D,S,V,K,G,R,F,T,I,S,R,D,N,A,K,N,T,L,Y,L,Q,M,N,S,L,R,A,E,D,T,A,V,Y,Y,C,A,R,D,R,G,S,G,G,-,-,-,-,-,-,-,-,-,-,-,-,-,-,-,-,-,-,-,-,-,-,-,-,-,-,-,-,-,-,-,-,-,S,N,Y,K,L,T,F,G,K,G,T,L,L,T,V,N,P
CACACTCAGTACTTGC-39_IGH_CARDRGSGGSNYKLTF,0,human,H,3e-55,177.0,19,139,,,0.00,,0.00,E,V,Q,L,V,E,S,-,G,G,G,L,V,Q,P,G,G,S,L,R,L,S,C,A,A,S,G,-,F,T,F,S,S,-,-,-,-,-,Y,W,M,H,W,V,R,Q,A,P,G,K,G,L,V,W,V,S,R,I,N,S,D,-,-,-,G,S,S,T,S,Y,A,D,S,V,K,G,R,F,T,I,S,R,D,N,A,K,N,T,L,Y,L,Q,M,N,S,L,R,A,E,D,T,A,V,Y,Y,C,A,R,D,R,G,S,G,G,-,-,-,-,-,-,-,-,-,-,-,-,-,-,-,-,-,-,-,-,-,-,-,-,-,-,-,-,-,-,-,-,-,S,N,Y,K,L,T,F,G,K,G,T,L,L,T,V,N,P
CACACTCTCTGTCCGT-17_IGH_CARDRGSGGSNYKLTF,0,human,H,3e-55,177.0,19,139,,,0.00,,0.00,E,V,Q,L,V,E,S,-,G,G,G,L,V,Q,P,G,G,S,L,R,L,S,C,A,A,S,G,-,F,T,F,S,S,-,-,-,-,-,Y,W,M,H,W,V,R,Q,A,P,G,K,G,L,V,W,V,S,R,I,N,S,D,-,-,-,G,S,S,T,S,Y,A,D,S,V,K,G,R,F,T,I,S,R,D,N,A,K,N,T,L,Y,L,Q,M,N,S,L,R,A,E,D,T,A,V,Y,Y,C,A,R,D,R,G,S,G,G,-,-,-,-,-,-,-,-,-,-,-,-,-,-,-,-,-,-,-,-,-,-,-,-,-,-,-,-,-,-,-,-,-,S,N,Y,K,L,T,F,G,K,G,T,L,L,T,V,N,P
CACAGGCCAATGGTCT-5_IGH_CARDRGSGGSNYKLTF,0,human,H,3e-55,177.0,19,139,,,0.00,,0.00,E,V,Q,L,V,E,S,-,G,G,G,L,V,Q,P,G,G,S,L,R,L,S,C,A,A,S,G,-,F,T,F,S,S,-,-,-,-,-,Y,W,M,H,W,V,R,Q,A,P,G,K,G,L,V,W,V,S,R,I,N,S,D,-,-,-,G,S,S,T,S,Y,A,D,S,V,K,G,R,F,T,I,S,R,D,N,A,K,N,T,L,Y,L,Q,M,N,S,L,R,A,E,D,T,A,V,Y,Y,C,A,R,D,R,G,S,G,G,-,-,-,-,-,-,-,-,-,-,-,-,-,-,-,-,-,-,-,-,-,-,-,-,-,-,-,-,-,-,-,-,-,S,N,Y,K,L,T,F,G,K,G,T,L,L,T,V,N,P
CAGCTGGTCAACACTG-34_IGH_CARDRGSGGSNYKLTF,0,human,H,3e-55,177.0,19,139,,,0.00,,0.00,E,V,Q,L,V,E,S,-,G,G,G,L,V,Q,P,G,G,S,L,R,L,S,C,A,A,S,G,-,F,T,F,S,S,-,-,-,-,-,Y,W,M,H,W,V,R,Q,A,P,G,K,G,L,V,W,V,S,R,I,N,S,D,-,-,-,G,S,S,T,S,Y,A,D,S,V,K,G,R,F,T,I,S,R,D,N,A,K,N,T,L,Y,L,Q,M,N,S,L,R,A,E,D,T,A,V,Y,Y,C,A,R,D,R,G,S,G,G,-,-,-,-,-,-,-,-,-,-,-,-,-,-,-,-,-,-,-,-,-,-,-,-,-,-,-,-,-,-,-,-,-,S,N,Y,K,L,T,F,G,K,G,T,L,L,T,V,N,P
CATCGGGTCGGCGCAT-33_IGH_CARDRGSGGSNYKLTF,0,human,H,3e-55,177.0,19,139,,,0.00,,0.00,E,V,Q,L,V,E,S,-,G,G,G,L,V,Q,P,G,G,S,L,R,L,S,C,A,A,S,G,-,F,T,F,S,S,-,-,-,-,-,Y,W,M,H,W,V,R,Q,A,P,G,K,G,L,V,W,V,S,R,I,N,S,D,-,-,-,G,S,S,T,S,Y,A,D,S,V,K,G,R,F,T,I,S,R,D,N,A,K,N,T,L,Y,L,Q,M,N,S,L,R,A,E,D,T,A,V,Y,Y,C,A,R,D,R,G,S,G,G,-,-,-,-,-,-,-,-,-,-,-,-,-,-,-,-,-,-,-,-,-,-,-,-,-,-,-,-,-,-,-,-,-,S,N,Y,K,L,T,F,G,K,G,T,L,L,T,V,N,P
CATTCGCTCCTAGAAC-34_IGH_CARDRGSGGSNYKLTF,0,human,H,3e-55,177.0,19,139,,,0.00,,0.00,E,V,Q,L,V,E,S,-,G,G,G,L,V,Q,P,G,G,S,L,R,L,S,C,A,A,S,G,-,F,T,F,S,S,-,-,-,-,-,Y,W,M,H,W,V,R,Q,A,P,G,K,G,L,V,W,V,S,R,I,N,S,D,-,-,-,G,S,S,T,S,Y,A,D,S,V,K,G,R,F,T,I,S,R,D,N,A,K,N,T,L,Y,L,Q,M,N,S,L,R,A,E,D,T,A,V,Y,Y,C,A,R,D,R,G,S,G,G,-,-,-,-,-,-,-,-,-,-,-,-,-,-,-,-,-,-,-,-,-,-,-,-,-,-,-,-,-,-,-,-,-,S,N,Y,K,L,T,F,G,K,G,T,L,L,T,V,N,P
CCACGGATCAACGAAA-24_IGH_CARDRGSGGSNYKLTF,0,human,H,3e-55,177.0,19,139,,,0.00,,0.00,E,V,Q,L,V,E,S,-,G,G,G,L,V,Q,P,G,G,S,L,R,L,S,C,A,A,S,G,-,F,T,F,S,S,-,-,-,-,-,Y,W,M,H,W,V,R,Q,A,P,G,K,G,L,V,W,V,S,R,I,N,S,D,-,-,-,G,S,S,T,S,Y,A,D,S,V,K,G,R,F,T,I,S,R,D,N,A,K,N,T,L,Y,L,Q,M,N,S,L,R,A,E,D,T,A,V,Y,Y,C,A,R,D,R,G,S,G,G,-,-,-,-,-,-,-,-,-,-,-,-,-,-,-,-,-,-,-,-,-,-,-,-,-,-,-,-,-,-,-,-,-,S,N,Y,K,L,T,F,G,K,G,T,L,L,T,V,N,P
CCATGTCCACTATCTT-38_IGH_None,0,human,H,2.5e-29,93.2,19,96,,,0.00,,0.00,Q,V,Q,L,V,Q,S,-,G,H,E,V,K,Q,P,G,A,S,V,K,V,S,C,K,A,S,G,-,Y,S,F,T,T,-,-,-,-,-,Y,G,M,N,W,V,P,Q,A,P,G,Q,G,L,E,W,M,G,W,F,N,T,Y,-,-,-,T,G,N,P,T,Y,A,Q,G,F,T,G,R,F,V,F,S,M,D,-,-,-,-,-,T,S,A,S,T,-,-,-,-,-,-,-,-,-,-,-,-,-,-,-,-,-,-,-,-,-,-,-,-,-,-,-,-,-,-,-,-,-,-,-,-,-,-,-,-,-,-,-,-,-,-,-,-,-,-,-,-,-,-,-,-,-,-,-,-,-,-,-,-,-,-,-,-,-,-,-
CCCTCCTCACTACAGT-37_IGH_CARDRGSGGSNYKLTF,0,human,H,3e-55,177.0,19,139,,,0.00,,0.00,E,V,Q,L,V,E,S,-,G,G,G,L,V,Q,P,G,G,S,L,R,L,S,C,A,A,S,G,-,F,T,F,S,S,-,-,-,-,-,Y,W,M,H,W,V,R,Q,A,P,G,K,G,L,V,W,V,S,R,I,N,S,D,-,-,-,G,S,S,T,S,Y,A,D,S,V,K,G,R,F,T,I,S,R,D,N,A,K,N,T,L,Y,L,Q,M,N,S,L,R,A,E,D,T,A,V,Y,Y,C,A,R,D,R,G,S,G,G,-,-,-,-,-,-,-,-,-,-,-,-,-,-,-,-,-,-,-,-,-,-,-,-,-,-,-,-,-,-,-,-,-,S,N,Y,K,L,T,F,G,K,G,T,L,L,T,V,N,P
CCCTCCTGTGTCTGAT-37_IGH_CARDRGSGGSNYKLTF,0,human,H,3e-55,177.0,19,139,,,0.00,,0.00,E,V,Q,L,V,E,S,-,G,G,G,L,V,Q,P,G,G,S,L,R,L,S,C,A,A,S,G,-,F,T,F,S,S,-,-,-,-,-,Y,W,M,H,W,V,R,Q,A,P,G,K,G,L,V,W,V,S,R,I,N,S,D,-,-,-,G,S,S,T,S,Y,A,D,S,V,K,G,R,F,T,I,S,R,D,N,A,K,N,T,L,Y,L,Q,M,N,S,L,R,A,E,D,T,A,V,Y,Y,C,A,R,D,R,G,S,G,G,-,-,-,-,-,-,-,-,-,-,-,-,-,-,-,-,-,-,-,-,-,-,-,-,-,-,-,-,-,-,-,-,-,S,N,Y,K,L,T,F,G,K,G,T,L,L,T,V,N,P
CGAACATCATTCTTAC-31_IGH_CARDRGSGGSNYKLTF,0,human,H,4.5e-55,176.4,19,139,,,0.00,,0.00,E,V,Q,L,V,E,S,-,G,G,G,L,V,Q,P,G,G,S,L,R,L,S,C,A,A,S,G,-,F,T,F,S,S,-,-,-,-,-,Y,W,M,H,W,V,R,Q,A,P,G,K,G,L,V,W,V,S,R,I,N,S,D,-,-,-,G,S,S,T,S,Y,A,D,S,V,K,G,R,F,T,I,S,R,D,N,A,K,N,T,L,Y,L,Q,M,N,S,L,R,A,E,D,T,A,V,Y,Y,C,A,R,D,R,G,S,G,G,-,-,-,-,-,-,-,-,-,-,-,-,-,-,-,-,-,-,-,-,-,-,-,-,-,-,-,-,-,-,-,-,-,S,N,Y,K,L,T,F,G,K,G,T,L,L,T,V,N,P
CGCTATCGTCCGCTGA-34_IGH_CARDRGSGGSNYKLTF,0,human,H,3.1e-55,176.9,19,139,,,0.00,,0.00,E,V,Q,L,V,E,S,-,G,G,G,L,V,Q,P,G,G,S,L,R,L,S,C,A,A,S,G,-,F,T,F,S,S,-,-,-,-,-,Y,W,M,H,W,V,R,Q,A,P,G,K,G,L,V,W,V,S,R,I,N,S,D,-,-,-,G,S,S,T,S,Y,A,D,S,V,K,G,R,F,T,I,S,R,D,N,A,K,N,T,L,Y,L,Q,M,N,S,L,R,A,E,D,T,A,V,Y,Y,C,A,R,D,R,G,S,G,G,-,-,-,-,-,-,-,-,-,-,-,-,-,-,-,-,-,-,-,-,-,-,-,-,-,-,-,-,-,-,-,-,-,S,N,Y,K,L,T,F,G,K,G,T,L,L,T,V,N,P
CGGAGCTAGCGACGTA-28_IGH_CARDRGSGGSNYKLTF,0,human,H,3e-55,177.0,19,139,,,0.00,,0.00,E,V,Q,L,V,E,S,-,G,G,G,L,V,Q,P,G,G,S,L,R,L,S,C,A,A,S,G,-,F,T,F,S,S,-,-,-,-,-,Y,W,M,H,W,V,R,Q,A,P,G,K,G,L,V,W,V,S,R,I,N,S,D,-,-,-,G,S,S,T,S,Y,A,D,S,V,K,G,R,F,T,I,S,R,D,N,A,K,N,T,L,Y,L,Q,M,N,S,L,R,A,E,D,T,A,V,Y,Y,C,A,R,D,R,G,S,G,G,-,-,-,-,-,-,-,-,-,-,-,-,-,-,-,-,-,-,-,-,-,-,-,-,-,-,-,-,-,-,-,-,-,S,N,Y,K,L,T,F,G,K,G,T,L,L,T,V,N,P
CGGGTCAAGTGTCCCG-19_IGH_CARDRGSGGSNYKLTF,0,human,H,3e-55,177.0,19,139,,,0.00,,0.00,E,V,Q,L,V,E,S,-,G,G,G,L,V,Q,P,G,G,S,L,R,L,S,C,A,A,S,G,-,F,T,F,S,S,-,-,-,-,-,Y,W,M,H,W,V,R,Q,A,P,G,K,G,L,V,W,V,S,R,I,N,S,D,-,-,-,G,S,S,T,S,Y,A,D,S,V,K,G,R,F,T,I,S,R,D,N,A,K,N,T,L,Y,L,Q,M,N,S,L,R,A,E,D,T,A,V,Y,Y,C,A,R,D,R,G,S,G,G,-,-,-,-,-,-,-,-,-,-,-,-,-,-,-,-,-,-,-,-,-,-,-,-,-,-,-,-,-,-,-,-,-,S,N,Y,K,L,T,F,G,K,G,T,L,L,T,V,N,P
CGTCACTTCGGCTTGG-22_IGH_CARDRGSGGSNYKLTF,0,human,H,3e-55,177.0,19,139,,,0.00,,0.00,E,V,Q,L,V,E,S,-,G,G,G,L,V,Q,P,G,G,S,L,R,L,S,C,A,A,S,G,-,F,T,F,S,S,-,-,-,-,-,Y,W,M,H,W,V,R,Q,A,P,G,K,G,L,V,W,V,S,R,I,N,S,D,-,-,-,G,S,S,T,S,Y,A,D,S,V,K,G,R,F,T,I,S,R,D,N,A,K,N,T,L,Y,L,Q,M,N,S,L,R,A,E,D,T,A,V,Y,Y,C,A,R,D,R,G,S,G,G,-,-,-,-,-,-,-,-,-,-,-,-,-,-,-,-,-,-,-,-,-,-,-,-,-,-,-,-,-,-,-,-,-,S,N,Y,K,L,T,F,G,K,G,T,L,L,T,V,N,P
CTAATGGAGTTAGCGG-19_IGH_CARDRGSGGSNYKLTF,0,human,H,8.5e-55,175.5,19,139,,,0.00,,0.00,E,V,Q,L,V,E,S,-,G,G,G,L,V,Q,P,G,G,S,L,R,L,S,C,A,A,S,G,-,F,T,F,S,S,-,-,-,-,-,Y,W,M,H,W,V,R,Q,A,P,G,K,G,L,V,W,V,S,R,I,N,S,D,-,-,-,G,S,S,T,S,Y,A,D,S,V,K,G,R,F,T,I,S,R,D,N,A,K,N,T,L,Y,L,Q,M,N,S,L,R,A,E,D,T,A,V,Y,Y,C,A,R,D,R,G,S,G,G,-,-,-,-,-,-,-,-,-,-,-,-,-,-,-,-,-,-,-,-,-,-,-,-,-,-,-,-,-,-,-,-,-,S,N,Y,K,L,T,F,G,K,G,T,L,L,T,V,N,P
CTACACCGTTTGCATG-26_IGH_None,0,human,H,7.8e-52,165.9,19,172,,,0.00,,0.00,E,V,Q,L,V,E,S,-,G,G,G,L,V,Q,P,G,G,S,L,R,L,S,C,A,A,S,G,-,F,T,F,S,S,-,-,-,-,-,Y,W,M,H,W,V,R,Q,A,P,G,K,G,L,V,W,V,S,R,I,N,S,D,-,-,-,G,S,S,T,S,Y,A,D,S,V,K,G,R,F,T,I,S,R,D,N,A,K,N,T,L,Y,L,Q,M,N,S,L,R,A,E,D,T,A,V,Y,Y,C,A,R,D,R,G,S,G,G,S,N,Y,K,L,T,F,G,K,E,L,S,*,P,*,I,Q,R,P,E,S,R,L,L,Q,*,H,*,R,L,C,N,T,N,A,G,K,S,T,F,G,D,G,T,T,L,T,V,K,P
CTAGCCTCAACACCCG-27_IGH_CARDRGSGGSNYKLTF,0,human,H,4.2e-55,176.5,19,139,,,0.00,,0.00,E,V,Q,L,V,E,S,-,G,G,G,L,V,Q,P,G,G,S,L,R,L,S,C,A,A,S,G,-,F,T,F,S,S,-,-,-,-,-,Y,W,M,H,W,V,R,Q,A,P,G,K,G,L,V,W,V,S,R,I,N,S,D,-,-,-,G,S,S,T,S,Y,A,D,S,V,K,G,R,F,T,I,S,R,D,N,A,K,N,T,L,Y,L,Q,M,N,S,L,R,A,E,D,T,A,V,Y,Y,C,A,R,D,R,G,S,G,G,-,-,-,-,-,-,-,-,-,-,-,-,-,-,-,-,-,-,-,-,-,-,-,-,-,-,-,-,-,-,-,-,-,S,N,Y,K,L,T,F,G,K,G,T,L,L,T,V,N,P
CTCGGGATCTTAGAGC-40_IGH_CARDRGSGGSNYKLTF,0,human,H,3e-55,177.0,19,139,,,0.00,,0.00,E,V,Q,L,V,E,S,-,G,G,G,L,V,Q,P,G,G,S,L,R,L,S,C,A,A,S,G,-,F,T,F,S,S,-,-,-,-,-,Y,W,M,H,W,V,R,Q,A,P,G,K,G,L,V,W,V,S,R,I,N,S,D,-,-,-,G,S,S,T,S,Y,A,D,S,V,K,G,R,F,T,I,S,R,D,N,A,K,N,T,L,Y,L,Q,M,N,S,L,R,A,E,D,T,A,V,Y,Y,C,A,R,D,R,G,S,G,G,-,-,-,-,-,-,-,-,-,-,-,-,-,-,-,-,-,-,-,-,-,-,-,-,-,-,-,-,-,-,-,-,-,S,N,Y,K,L,T,F,G,K,G,T,L,L,T,V,N,P
CTCGTACTCGGCCGAT-32_IGH_CARDRGSGGSNYKLTF,0,human,H,4.1e-55,176.5,19,139,,,0.00,,0.00,E,V,Q,L,V,E,S,-,G,G,G,L,V,Q,P,G,G,S,L,R,L,S,C,A,A,S,G,-,F,T,F,S,S,-,-,-,-,-,Y,W,M,H,W,V,R,Q,A,P,G,K,G,L,V,W,V,S,R,I,N,S,D,-,-,-,G,S,S,T,S,Y,A,D,S,V,K,G,R,F,T,I,S,R,D,N,A,K,N,T,L,Y,L,Q,M,N,S,L,R,A,E,D,T,A,V,Y,Y,C,A,R,D,R,G,S,G,G,-,-,-,-,-,-,-,-,-,-,-,-,-,-,-,-,-,-,-,-,-,-,-,-,-,-,-,-,-,-,-,-,-,S,N,Y,K,L,T,F,G,K,G,T,L,L,T,V,N,P
CTGAAGTTCGAACGGA-30_IGH_CARDRGSGGSNYKLTF,0,human,H,7e-55,175.8,19,139,,,0.00,,0.00,E,V,Q,L,V,E,S,-,G,G,G,L,V,Q,P,G,G,S,L,R,L,S,C,A,A,S,G,-,F,T,F,S,S,-,-,-,-,-,Y,W,M,H,W,V,R,Q,A,P,G,K,G,L,V,W,V,S,R,I,N,S,D,-,-,-,G,S,S,T,S,Y,A,D,S,V,K,G,R,F,T,I,S,R,D,N,A,K,N,T,L,Y,L,Q,M,N,S,L,R,A,E,D,T,A,V,Y,Y,C,A,R,D,R,G,S,G,G,-,-,-,-,-,-,-,-,-,-,-,-,-,-,-,-,-,-,-,-,-,-,-,-,-,-,-,-,-,-,-,-,-,S,N,Y,K,L,T,F,G,K,G,T,L,L,T,V,N,P
CTGCGGAAGTGTACTC-31_IGH_CARDRGSGGSNYKLTF,0,human,H,3e-55,177.0,19,139,,,0.00,,0.00,E,V,Q,L,V,E,S,-,G,G,G,L,V,Q,P,G,G,S,L,R,L,S,C,A,A,S,G,-,F,T,F,S,S,-,-,-,-,-,Y,W,M,H,W,V,R,Q,A,P,G,K,G,L,V,W,V,S,R,I,N,S,D,-,-,-,G,S,S,T,S,Y,A,D,S,V,K,G,R,F,T,I,S,R,D,N,A,K,N,T,L,Y,L,Q,M,N,S,L,R,A,E,D,T,A,V,Y,Y,C,A,R,D,R,G,S,G,G,-,-,-,-,-,-,-,-,-,-,-,-,-,-,-,-,-,-,-,-,-,-,-,-,-,-,-,-,-,-,-,-,-,S,N,Y,K,L,T,F,G,K,G,T,L,L,T,V,N,P
CTGTGCTCACATGTGT-21_IGH_CARDRGSGGSNYKLTF,0,human,H,4.4e-55,176.4,19,139,,,0.00,,0.00,E,V,Q,L,V,E,S,-,G,G,G,L,V,Q,P,G,G,S,L,R,L,S,C,A,A,S,G,-,F,T,F,S,S,-,-,-,-,-,Y,W,M,H,W,V,R,Q,A,P,G,K,G,L,V,W,V,S,R,I,N,S,D,-,-,-,G,S,S,T,S,Y,A,D,S,V,K,G,R,F,T,I,S,R,D,N,A,K,N,T,L,Y,L,Q,M,N,S,L,R,A,E,D,T,A,V,Y,Y,C,A,R,D,R,G,S,G,G,-,-,-,-,-,-,-,-,-,-,-,-,-,-,-,-,-,-,-,-,-,-,-,-,-,-,-,-,-,-,-,-,-,S,N,Y,K,L,T,F,G,K,G,T,L,L,T,V,N,P
CTTGGCTGTTCGGCAC-22_IGH_CARDRGSGGSNYKLTF,0,human,H,3.1e-55,176.9,19,139,,,0.00,,0.00,E,V,Q,L,V,E,S,-,G,G,G,L,V,Q,P,G,G,S,L,R,L,S,C,A,A,S,G,-,F,T,F,S,S,-,-,-,-,-,Y,W,M,H,W,V,R,Q,A,P,G,K,G,L,V,W,V,S,R,I,N,S,D,-,-,-,G,S,S,T,S,Y,A,D,S,V,K,G,R,F,T,I,S,R,D,N,A,K,N,T,L,Y,L,Q,M,N,S,L,R,A,E,D,T,A,V,Y,Y,C,A,R,D,R,G,S,G,G,-,-,-,-,-,-,-,-,-,-,-,-,-,-,-,-,-,-,-,-,-,-,-,-,-,-,-,-,-,-,-,-,-,S,N,Y,K,L,T,F,G,K,G,T,L,L,T,V,N,P
GAATGAAAGGCTCAGA-34_IGH_CARDRGSGGSNYKLTF,0,human,H,3e-55,177.0,19,139,,,0.00,,0.00,E,V,Q,L,V,E,S,-,G,G,G,L,V,Q,P,G,G,S,L,R,L,S,C,A,A,S,G,-,F,T,F,S,S,-,-,-,-,-,Y,W,M,H,W,V,R,Q,A,P,G,K,G,L,V,W,V,S,R,I,N,S,D,-,-,-,G,S,S,T,S,Y,A,D,S,V,K,G,R,F,T,I,S,R,D,N,A,K,N,T,L,Y,L,Q,M,N,S,L,R,A,E,D,T,A,V,Y,Y,C,A,R,D,R,G,S,G,G,-,-,-,-,-,-,-,-,-,-,-,-,-,-,-,-,-,-,-,-,-,-,-,-,-,-,-,-,-,-,-,-,-,S,N,Y,K,L,T,F,G,K,G,T,L,L,T,V,N,P
GACTACAAGCCAGTAG-33_IGH_None,0,human,H,3.2e-51,163.9,19,118,,,0.00,,0.00,E,V,Q,L,V,E,S,-,G,G,G,V,V,Q,P,G,G,S,L,R,L,S,C,A,A,S,G,-,F,T,F,D,D,-,-,-,-,-,Y,A,M,H,W,V,R,Q,A,P,G,K,G,L,E,W,V,S,L,I,S,G,D,-,-,-,G,G,S,T,Y,Y,A,D,S,V,K,G,R,F,T,I,S,R,D,N,S,K,N,S,L,Y,L,Q,M,N,S,L,R,T,E,D,T,A,L,Y,Y,C,A,K,D,-,-,-,-,-,-,-,-,-,-,-,-,-,-,-,-,-,-,-,-,-,-,-,-,-,-,-,-,-,-,-,-,-,-,-,-,-,-,-,-,-,-,-,R,-,-,-,-,-,-,-,-,-,-,-
GACTGCGAGCAACGGT-27_IGH_CARDRGSGGSNYKLTF,0,human,H,3e-55,177.0,19,139,,,0.00,,0.00,E,V,Q,L,V,E,S,-,G,G,G,L,V,Q,P,G,G,S,L,R,L,S,C,A,A,S,G,-,F,T,F,S,S,-,-,-,-,-,Y,W,M,H,W,V,R,Q,A,P,G,K,G,L,V,W,V,S,R,I,N,S,D,-,-,-,G,S,S,T,S,Y,A,D,S,V,K,G,R,F,T,I,S,R,D,N,A,K,N,T,L,Y,L,Q,M,N,S,L,R,A,E,D,T,A,V,Y,Y,C,A,R,D,R,G,S,G,G,-,-,-,-,-,-,-,-,-,-,-,-,-,-,-,-,-,-,-,-,-,-,-,-,-,-,-,-,-,-,-,-,-,S,N,Y,K,L,T,F,G,K,G,T,L,L,T,V,N,P
GCAGTTAGTACTCGCG-9_IGH_CARDRGSGGSNYKLTF,0,human,H,3e-55,177.0,19,139,,,0.00,,0.00,E,V,Q,L,V,E,S,-,G,G,G,L,V,Q,P,G,G,S,L,R,L,S,C,A,A,S,G,-,F,T,F,S,S,-,-,-,-,-,Y,W,M,H,W,V,R,Q,A,P,G,K,G,L,V,W,V,S,R,I,N,S,D,-,-,-,G,S,S,T,S,Y,A,D,S,V,K,G,R,F,T,I,S,R,D,N,A,K,N,T,L,Y,L,Q,M,N,S,L,R,A,E,D,T,A,V,Y,Y,C,A,R,D,R,G,S,G,G,-,-,-,-,-,-,-,-,-,-,-,-,-,-,-,-,-,-,-,-,-,-,-,-,-,-,-,-,-,-,-,-,-,S,N,Y,K,L,T,F,G,K,G,T,L,L,T,V,N,P
GCGAGAAGTCCGTTAA-25_IGH_CGTGGTSYGKLTF,0,human,H,1.7e-52,168.1,19,136,,,0.00,,0.00,Q,V,Q,L,V,Q,S,-,G,A,E,V,K,K,P,G,A,S,V,K,V,S,C,K,A,S,G,-,Y,T,F,T,S,-,-,-,-,-,Y,Y,M,H,W,V,R,Q,A,P,G,Q,G,L,E,W,M,G,I,I,N,P,S,-,-,-,G,G,S,T,S,Y,A,Q,K,F,Q,G,R,V,T,M,T,R,D,T,S,T,S,T,V,Y,M,E,L,S,S,L,R,S,E,D,T,A,V,Y,Y,C,G,T,G,G,T,S,-,-,-,-,-,-,-,-,-,-,-,-,-,-,-,-,-,-,-,-,-,-,-,-,-,-,-,-,-,-,-,-,-,-,-,-,Y,G,K,L,T,F,G,Q,G,T,I,L,T,V,H,P
GCGCCAACACCGCTAG-38_IGH_CARDRGSGGSNYKLTF,0,human,H,3e-55,177.0,19,139,,,0.00,,0.00,E,V,Q,L,V,E,S,-,G,G,G,L,V,Q,P,G,G,S,L,R,L,S,C,A,A,S,G,-,F,T,F,S,S,-,-,-,-,-,Y,W,M,H,W,V,R,Q,A,P,G,K,G,L,V,W,V,S,R,I,N,S,D,-,-,-,G,S,S,T,S,Y,A,D,S,V,K,G,R,F,T,I,S,R,D,N,A,K,N,T,L,Y,L,Q,M,N,S,L,R,A,E,D,T,A,V,Y,Y,C,A,R,D,R,G,S,G,G,-,-,-,-,-,-,-,-,-,-,-,-,-,-,-,-,-,-,-,-,-,-,-,-,-,-,-,-,-,-,-,-,-,S,N,Y,K,L,T,F,G,K,G,T,L,L,T,V,N,P
GGACAGACAGTTCATG-6_IGH_CARDRGSGGSNYKLTF,0,human,H,5.5e-55,176.1,19,139,,,0.00,,0.00,E,V,Q,L,V,E,S,-,G,G,G,L,V,Q,P,G,G,S,L,R,L,S,C,A,A,S,G,-,F,T,F,S,S,-,-,-,-,-,Y,W,M,H,W,V,R,Q,A,P,G,K,G,L,V,W,V,S,R,I,N,S,D,-,-,-,G,S,S,T,S,Y,A,D,S,V,K,G,R,F,T,I,S,R,D,N,A,K,N,T,L,Y,L,Q,M,N,S,L,R,A,E,D,T,A,V,Y,Y,C,A,R,D,R,G,S,G,G,-,-,-,-,-,-,-,-,-,-,-,-,-,-,-,-,-,-,-,-,-,-,-,-,-,-,-,-,-,-,-,-,-,S,N,Y,K,L,T,F,G,K,G,T,L,L,T,V,N,P
GGGAATGGTTGTTTGG-14_IGH_CARDRGSGGSNYKLTF,0,human,H,3e-55,177.0,19,139,,,0.00,,0.00,E,V,Q,L,V,E,S,-,G,G,G,L,V,Q,P,G,G,S,L,R,L,S,C,A,A,S,G,-,F,T,F,S,S,-,-,-,-,-,Y,W,M,H,W,V,R,Q,A,P,G,K,G,L,V,W,V,S,R,I,N,S,D,-,-,-,G,S,S,T,S,Y,A,D,S,V,K,G,R,F,T,I,S,R,D,N,A,K,N,T,L,Y,L,Q,M,N,S,L,R,A,E,D,T,A,V,Y,Y,C,A,R,D,R,G,S,G,G,-,-,-,-,-,-,-,-,-,-,-,-,-,-,-,-,-,-,-,-,-,-,-,-,-,-,-,-,-,-,-,-,-,S,N,Y,K,L,T,F,G,K,G,T,L,L,T,V,N,P
GTCACGGGTCGTCTTC-28_IGH_CARDRGSGGSNYKLTF,0,human,H,3e-55,177.0,19,139,,,0.00,,0.00,E,V,Q,L,V,E,S,-,G,G,G,L,V,Q,P,G,G,S,L,R,L,S,C,A,A,S,G,-,F,T,F,S,S,-,-,-,-,-,Y,W,M,H,W,V,R,Q,A,P,G,K,G,L,V,W,V,S,R,I,N,S,D,-,-,-,G,S,S,T,S,Y,A,D,S,V,K,G,R,F,T,I,S,R,D,N,A,K,N,T,L,Y,L,Q,M,N,S,L,R,A,E,D,T,A,V,Y,Y,C,A,R,D,R,G,S,G,G,-,-,-,-,-,-,-,-,-,-,-,-,-,-,-,-,-,-,-,-,-,-,-,-,-,-,-,-,-,-,-,-,-,S,N,Y,K,L,T,F,G,K,G,T,L,L,T,V,N,P
GTCTTCGTCCCAAGTA-26_IGH_CARDRGSGGSNYKLTF,0,human,H,3e-55,177.0,19,139,,,0.00,,0.00,E,V,Q,L,V,E,S,-,G,G,G,L,V,Q,P,G,G,S,L,R,L,S,C,A,A,S,G,-,F,T,F,S,S,-,-,-,-,-,Y,W,M,H,W,V,R,Q,A,P,G,K,G,L,V,W,V,S,R,I,N,S,D,-,-,-,G,S,S,T,S,Y,A,D,S,V,K,G,R,F,T,I,S,R,D,N,A,K,N,T,L,Y,L,Q,M,N,S,L,R,A,E,D,T,A,V,Y,Y,C,A,R,D,R,G,S,G,G,-,-,-,-,-,-,-,-,-,-,-,-,-,-,-,-,-,-,-,-,-,-,-,-,-,-,-,-,-,-,-,-,-,S,N,Y,K,L,T,F,G,K,G,T,L,L,T,V,N,P
GTTACAGAGTCCATAC-31_IGH_CARDRGSGGSNYKLTF,0,human,H,3.8e-55,176.6,19,139,,,0.00,,0.00,E,V,Q,L,V,E,S,-,G,G,G,L,V,Q,P,G,G,S,L,R,L,S,C,A,A,S,G,-,F,T,F,S,S,-,-,-,-,-,Y,W,M,H,W,V,R,Q,A,P,G,K,G,L,V,W,V,S,R,I,N,S,D,-,-,-,G,S,S,T,S,Y,A,D,S,V,K,G,R,F,T,I,S,R,D,N,A,K,N,T,L,Y,L,Q,M,N,S,L,R,A,E,D,T,A,V,Y,Y,C,A,R,D,R,G,S,G,G,-,-,-,-,-,-,-,-,-,-,-,-,-,-,-,-,-,-,-,-,-,-,-,-,-,-,-,-,-,-,-,-,-,S,N,Y,K,L,T,F,G,K,G,T,L,L,T,V,N,P
GTTACAGTCTAACTTC-28_IGH_CARDRGSGGSNYKLTF,0,human,H,3e-55,177.0,19,139,,,0.00,,0.00,E,V,Q,L,V,E,S,-,G,G,G,L,V,Q,P,G,G,S,L,R,L,S,C,A,A,S,G,-,F,T,F,S,S,-,-,-,-,-,Y,W,M,H,W,V,R,Q,A,P,G,K,G,L,V,W,V,S,R,I,N,S,D,-,-,-,G,S,S,T,S,Y,A,D,S,V,K,G,R,F,T,I,S,R,D,N,A,K,N,T,L,Y,L,Q,M,N,S,L,R,A,E,D,T,A,V,Y,Y,C,A,R,D,R,G,S,G,G,-,-,-,-,-,-,-,-,-,-,-,-,-,-,-,-,-,-,-,-,-,-,-,-,-,-,-,-,-,-,-,-,-,S,N,Y,K,L,T,F,G,K,G,T,L,L,T,V,N,P
TAAGAGATCGCCATAA-33_IGH_CARDRGSGGSNYKLTF,0,human,H,5.1e-55,176.2,19,139,,,0.00,,0.00,E,V,Q,L,V,E,S,-,G,G,G,L,V,Q,P,G,G,S,L,R,L,S,C,A,A,S,G,-,F,T,F,S,S,-,-,-,-,-,Y,W,M,H,W,V,R,Q,A,P,G,K,G,L,V,W,V,S,R,I,N,S,D,-,-,-,G,S,S,T,S,Y,A,D,S,V,K,G,R,F,T,I,S,R,D,N,A,K,N,T,L,Y,L,Q,M,N,S,L,R,A,E,D,T,A,V,Y,Y,C,A,R,D,R,G,S,G,G,-,-,-,-,-,-,-,-,-,-,-,-,-,-,-,-,-,-,-,-,-,-,-,-,-,-,-,-,-,-,-,-,-,S,N,Y,K,L,T,F,G,K,G,T,L,L,T,V,N,P
TACAGTGAGAATAGGG-40_IGH_CARDRGSGGSNYKLTF,0,human,H,3e-55,177.0,19,139,,,0.00,,0.00,E,V,Q,L,V,E,S,-,G,G,G,L,V,Q,P,G,G,S,L,R,L,S,C,A,A,S,G,-,F,T,F,S,S,-,-,-,-,-,Y,W,M,H,W,V,R,Q,A,P,G,K,G,L,V,W,V,S,R,I,N,S,D,-,-,-,G,S,S,T,S,Y,A,D,S,V,K,G,R,F,T,I,S,R,D,N,A,K,N,T,L,Y,L,Q,M,N,S,L,R,A,E,D,T,A,V,Y,Y,C,A,R,D,R,G,S,G,G,-,-,-,-,-,-,-,-,-,-,-,-,-,-,-,-,-,-,-,-,-,-,-,-,-,-,-,-,-,-,-,-,-,S,N,Y,K,L,T,F,G,K,G,T,L,L,T,V,N,P
TACCTATGTACAGCAG-40_IGH_CARDRGSGGSNYKLTF,0,human,H,3e-55,177.0,19,139,,,0.00,,0.00,E,V,Q,L,V,E,S,-,G,G,G,L,V,Q,P,G,G,S,L,R,L,S,C,A,A,S,G,-,F,T,F,S,S,-,-,-,-,-,Y,W,M,H,W,V,R,Q,A,P,G,K,G,L,V,W,V,S,R,I,N,S,D,-,-,-,G,S,S,T,S,Y,A,D,S,V,K,G,R,F,T,I,S,R,D,N,A,K,N,T,L,Y,L,Q,M,N,S,L,R,A,E,D,T,A,V,Y,Y,C,A,R,D,R,G,S,G,G,-,-,-,-,-,-,-,-,-,-,-,-,-,-,-,-,-,-,-,-,-,-,-,-,-,-,-,-,-,-,-,-,-,S,N,Y,K,L,T,F,G,K,G,T,L,L,T,V,N,P
TACGGATGTGCCTTGG-39_IGH_CARDRGSGGSNYKLTF,0,human,H,3.6e-55,176.7,19,139,,,0.00,,0.00,E,V,Q,L,V,E,S,-,G,G,G,L,V,Q,P,G,G,S,L,R,L,S,C,A,A,S,G,-,F,T,F,S,S,-,-,-,-,-,Y,W,M,H,W,V,R,Q,A,P,G,K,G,L,V,W,V,S,R,I,N,S,D,-,-,-,G,S,S,T,S,Y,A,D,S,V,K,G,R,F,T,I,S,R,D,N,A,K,N,T,L,Y,L,Q,M,N,S,L,R,A,E,D,T,A,V,Y,Y,C,A,R,D,R,G,S,G,G,-,-,-,-,-,-,-,-,-,-,-,-,-,-,-,-,-,-,-,-,-,-,-,-,-,-,-,-,-,-,-,-,-,S,N,Y,K,L,T,F,G,K,G,T,L,L,T,V,N,P
TACGGTATCGTCCAGG-40_IGH_CARDRGSGGSNYKLTF,0,human,H,3.3e-55,176.8,19,139,,,0.00,,0.00,E,V,Q,L,V,E,S,-,G,G,G,L,V,Q,P,G,G,S,L,R,L,S,C,A,A,S,G,-,F,T,F,S,S,-,-,-,-,-,Y,W,M,H,W,V,R,Q,A,P,G,K,G,L,V,W,V,S,R,I,N,S,D,-,-,-,G,S,S,T,S,Y,A,D,S,V,K,G,R,F,T,I,S,R,D,N,A,K,N,T,L,Y,L,Q,M,N,S,L,R,A,E,D,T,A,V,Y,Y,C,A,R,D,R,G,S,G,G,-,-,-,-,-,-,-,-,-,-,-,-,-,-,-,-,-,-,-,-,-,-,-,-,-,-,-,-,-,-,-,-,-,S,N,Y,K,L,T,F,G,K,G,T,L,L,T,V,N,P
TAGCCGGGTAGCCTCG-29_IGH_CARDRGSGGSNYKLTF,0,human,H,3e-55,177.0,19,139,,,0.00,,0.00,E,V,Q,L,V,E,S,-,G,G,G,L,V,Q,P,G,G,S,L,R,L,S,C,A,A,S,G,-,F,T,F,S,S,-,-,-,-,-,Y,W,M,H,W,V,R,Q,A,P,G,K,G,L,V,W,V,S,R,I,N,S,D,-,-,-,G,S,S,T,S,Y,A,D,S,V,K,G,R,F,T,I,S,R,D,N,A,K,N,T,L,Y,L,Q,M,N,S,L,R,A,E,D,T,A,V,Y,Y,C,A,R,D,R,G,S,G,G,-,-,-,-,-,-,-,-,-,-,-,-,-,-,-,-,-,-,-,-,-,-,-,-,-,-,-,-,-,-,-,-,-,S,N,Y,K,L,T,F,G,K,G,T,L,L,T,V,N,P
TATGCCCCAGTAACGG-8_IGH_CARDRGSGGSNYKLTF,0,human,H,5.6e-55,176.1,19,139,,,0.00,,0.00,E,V,Q,L,V,E,S,-,G,G,G,L,V,Q,P,G,G,S,L,R,L,S,C,A,A,S,G,-,F,T,F,S,S,-,-,-,-,-,Y,W,M,H,W,V,R,Q,A,P,G,K,G,L,V,W,V,S,R,I,N,S,D,-,-,-,G,S,S,T,S,Y,A,D,S,V,K,G,R,F,T,I,S,R,D,N,A,K,N,T,L,Y,L,Q,M,N,S,L,R,A,E,D,T,A,V,Y,Y,C,A,R,D,R,G,S,G,G,-,-,-,-,-,-,-,-,-,-,-,-,-,-,-,-,-,-,-,-,-,-,-,-,-,-,-,-,-,-,-,-,-,S,N,Y,K,L,T,F,G,K,G,T,L,L,T,V,N,P
TATGCCCTCAGCACAT-37_IGH_CARDRGSGGSNYKLTF,0,human,H,3e-55,177.0,19,139,,,0.00,,0.00,E,V,Q,L,V,E,S,-,G,G,G,L,V,Q,P,G,G,S,L,R,L,S,C,A,A,S,G,-,F,T,F,S,S,-,-,-,-,-,Y,W,M,H,W,V,R,Q,A,P,G,K,G,L,V,W,V,S,R,I,N,S,D,-,-,-,G,S,S,T,S,Y,A,D,S,V,K,G,R,F,T,I,S,R,D,N,A,K,N,T,L,Y,L,Q,M,N,S,L,R,A,E,D,T,A,V,Y,Y,C,A,R,D,R,G,S,G,G,-,-,-,-,-,-,-,-,-,-,-,-,-,-,-,-,-,-,-,-,-,-,-,-,-,-,-,-,-,-,-,-,-,S,N,Y,K,L,T,F,G,K,G,T,L,L,T,V,N,P
TCACAAGGTGAACCTT-39_IGH_CARDRGSGGSNYKLTF,0,human,H,3e-55,177.0,19,139,,,0.00,,0.00,E,V,Q,L,V,E,S,-,G,G,G,L,V,Q,P,G,G,S,L,R,L,S,C,A,A,S,G,-,F,T,F,S,S,-,-,-,-,-,Y,W,M,H,W,V,R,Q,A,P,G,K,G,L,V,W,V,S,R,I,N,S,D,-,-,-,G,S,S,T,S,Y,A,D,S,V,K,G,R,F,T,I,S,R,D,N,A,K,N,T,L,Y,L,Q,M,N,S,L,R,A,E,D,T,A,V,Y,Y,C,A,R,D,R,G,S,G,G,-,-,-,-,-,-,-,-,-,-,-,-,-,-,-,-,-,-,-,-,-,-,-,-,-,-,-,-,-,-,-,-,-,S,N,Y,K,L,T,F,G,K,G,T,L,L,T,V,N,P
TCAGATGAGCGATCCC-39_IGH_CARDRGSGGSNYKLTF,0,human,H,3e-55,177.0,19,139,,,0.00,,0.00,E,V,Q,L,V,E,S,-,G,G,G,L,V,Q,P,G,G,S,L,R,L,S,C,A,A,S,G,-,F,T,F,S,S,-,-,-,-,-,Y,W,M,H,W,V,R,Q,A,P,G,K,G,L,V,W,V,S,R,I,N,S,D,-,-,-,G,S,S,T,S,Y,A,D,S,V,K,G,R,F,T,I,S,R,D,N,A,K,N,T,L,Y,L,Q,M,N,S,L,R,A,E,D,T,A,V,Y,Y,C,A,R,D,R,G,S,G,G,-,-,-,-,-,-,-,-,-,-,-,-,-,-,-,-,-,-,-,-,-,-,-,-,-,-,-,-,-,-,-,-,-,S,N,Y,K,L,T,F,G,K,G,T,L,L,T,V,N,P
TCAGCAACAATGGATA-34_IGH_CARDRGSGGSNYKLTF,0,human,H,3e-55,177.0,19,139,,,0.00,,0.00,E,V,Q,L,V,E,S,-,G,G,G,L,V,Q,P,G,G,S,L,R,L,S,C,A,A,S,G,-,F,T,F,S,S,-,-,-,-,-,Y,W,M,H,W,V,R,Q,A,P,G,K,G,L,V,W,V,S,R,I,N,S,D,-,-,-,G,S,S,T,S,Y,A,D,S,V,K,G,R,F,T,I,S,R,D,N,A,K,N,T,L,Y,L,Q,M,N,S,L,R,A,E,D,T,A,V,Y,Y,C,A,R,D,R,G,S,G,G,-,-,-,-,-,-,-,-,-,-,-,-,-,-,-,-,-,-,-,-,-,-,-,-,-,-,-,-,-,-,-,-,-,S,N,Y,K,L,T,F,G,K,G,T,L,L,T,V,N,P
TCGCGTTCATGAAGTA-19_IGH_CARDRGSGGSNYKLTF,0,human,H,3.1e-55,176.9,19,139,,,0.00,,0.00,E,V,Q,L,V,E,S,-,G,G,G,L,V,Q,P,G,G,S,L,R,L,S,C,A,A,S,G,-,F,T,F,S,S,-,-,-,-,-,Y,W,M,H,W,V,R,Q,A,P,G,K,G,L,V,W,V,S,R,I,N,S,D,-,-,-,G,S,S,T,S,Y,A,D,S,V,K,G,R,F,T,I,S,R,D,N,A,K,N,T,L,Y,L,Q,M,N,S,L,R,A,E,D,T,A,V,Y,Y,C,A,R,D,R,G,S,G,G,-,-,-,-,-,-,-,-,-,-,-,-,-,-,-,-,-,-,-,-,-,-,-,-,-,-,-,-,-,-,-,-,-,S,N,Y,K,L,T,F,G,K,G,T,L,L,T,V,N,P
TCGGTAAGTATGAAAC-40_IGH_CAKVPNAGKSTF,0,human,H,4.1e-54,173.3,19,135,,,0.00,,0.00,E,V,Q,L,L,E,S,-,G,G,G,L,V,Q,P,G,G,S,L,R,L,S,C,A,A,S,G,-,F,T,F,S,S,-,-,-,-,-,Y,A,M,S,W,V,R,Q,A,P,G,K,G,L,E,W,V,S,A,I,S,G,S,-,-,-,G,G,S,T,Y,Y,A,D,S,V,K,G,R,F,T,I,S,R,D,N,S,K,N,T,L,Y,L,Q,M,N,S,L,R,A,E,D,T,A,V,Y,Y,C,A,K,V,P,N,A,-,-,-,-,-,-,-,-,-,-,-,-,-,-,-,-,-,-,-,-,-,-,-,-,-,-,-,-,-,-,-,-,-,-,-,-,-,G,K,S,T,F,G,D,G,T,T,L,T,V,K,P
TCTTCGGTCACCTTAT-18_IGH_None,0,human,H,3.2e-49,157.5,19,132,,,0.00,,0.00,E,V,Q,L,V,E,S,-,G,G,G,L,I,Q,P,G,G,S,L,R,L,S,C,A,A,S,G,-,F,T,V,S,S,-,-,-,-,-,N,Y,M,S,W,V,R,Q,A,P,G,K,G,L,E,W,V,S,V,I,Y,S,-,-,-,-,C,G,S,T,Y,Y,A,D,S,V,K,G,R,F,T,I,S,R,D,N,S,K,N,T,L,Y,L,Q,M,N,S,L,R,A,E,D,T,A,V,Y,Y,S,R,N,T,G,N,-,-,-,-,-,-,-,-,-,-,-,-,-,-,-,-,-,-,-,-,-,-,-,-,-,-,-,-,-,-,-,-,-,-,-,-,-,-,-,Q,F,Y,F,G,T,G,T,S,L,T,V,I,P
TGATTTCCATCCCATC-18_IGH_CARDRGSGGSNYKLTF,0,human,H,4.1e-55,176.5,19,139,,,0.00,,0.00,E,V,Q,L,V,E,S,-,G,G,G,L,V,Q,P,G,G,S,L,R,L,S,C,A,A,S,G,-,F,T,F,S,S,-,-,-,-,-,Y,W,M,H,W,V,R,Q,A,P,G,K,G,L,V,W,V,S,R,I,N,S,D,-,-,-,G,S,S,T,S,Y,A,D,S,V,K,G,R,F,T,I,S,R,D,N,A,K,N,T,L,Y,L,Q,M,N,S,L,R,A,E,D,T,A,V,Y,Y,C,A,R,D,R,G,S,G,G,-,-,-,-,-,-,-,-,-,-,-,-,-,-,-,-,-,-,-,-,-,-,-,-,-,-,-,-,-,-,-,-,-,S,N,Y,K,L,T,F,G,K,G,T,L,L,T,V,N,P
TGCCAAACACCCAGTG-25_IGH_CARDRGSGGSNYKLTF,0,human,H,3e-55,177.0,19,139,,,0.00,,0.00,E,V,Q,L,V,E,S,-,G,G,G,L,V,Q,P,G,G,S,L,R,L,S,C,A,A,S,G,-,F,T,F,S,S,-,-,-,-,-,Y,W,M,H,W,V,R,Q,A,P,G,K,G,L,V,W,V,S,R,I,N,S,D,-,-,-,G,S,S,T,S,Y,A,D,S,V,K,G,R,F,T,I,S,R,D,N,A,K,N,T,L,Y,L,Q,M,N,S,L,R,A,E,D,T,A,V,Y,Y,C,A,R,D,R,G,S,G,G,-,-,-,-,-,-,-,-,-,-,-,-,-,-,-,-,-,-,-,-,-,-,-,-,-,-,-,-,-,-,-,-,-,S,N,Y,K,L,T,F,G,K,G,T,L,L,T,V,N,P
TGCCCATAGACGCTTT-9_IGH_CARDRGSGGSNYKLTF,0,human,H,3e-55,177.0,19,139,,,0.00,,0.00,E,V,Q,L,V,E,S,-,G,G,G,L,V,Q,P,G,G,S,L,R,L,S,C,A,A,S,G,-,F,T,F,S,S,-,-,-,-,-,Y,W,M,H,W,V,R,Q,A,P,G,K,G,L,V,W,V,S,R,I,N,S,D,-,-,-,G,S,S,T,S,Y,A,D,S,V,K,G,R,F,T,I,S,R,D,N,A,K,N,T,L,Y,L,Q,M,N,S,L,R,A,E,D,T,A,V,Y,Y,C,A,R,D,R,G,S,G,G,-,-,-,-,-,-,-,-,-,-,-,-,-,-,-,-,-,-,-,-,-,-,-,-,-,-,-,-,-,-,-,-,-,S,N,Y,K,L,T,F,G,K,G,T,L,L,T,V,N,P
TGCCCTAAGTTAGGTA-19_IGH_CARDRGSGGSNYKLTF,0,human,H,4.4e-55,176.4,19,139,,,0.00,,0.00,E,V,Q,L,V,E,S,-,G,G,G,L,V,Q,P,G,G,S,L,R,L,S,C,A,A,S,G,-,F,T,F,S,S,-,-,-,-,-,Y,W,M,H,W,V,R,Q,A,P,G,K,G,L,V,W,V,S,R,I,N,S,D,-,-,-,G,S,S,T,S,Y,A,D,S,V,K,G,R,F,T,I,S,R,D,N,A,K,N,T,L,Y,L,Q,M,N,S,L,R,A,E,D,T,A,V,Y,Y,C,A,R,D,R,G,S,G,G,-,-,-,-,-,-,-,-,-,-,-,-,-,-,-,-,-,-,-,-,-,-,-,-,-,-,-,-,-,-,-,-,-,S,N,Y,K,L,T,F,G,K,G,T,L,L,T,V,N,P
TGCCCTAGTCTCCATC-30_IGH_CAREGPASGGYQKVTF,0,human,H,3.6e-52,167.0,19,134,,,0.00,,0.00,E,V,Q,L,V,E,S,-,G,G,G,L,V,Q,P,G,G,S,L,R,L,S,C,A,A,S,G,-,F,T,F,S,S,-,-,-,-,-,Y,W,M,H,W,V,R,Q,A,P,G,K,G,L,V,W,V,S,R,I,N,S,D,-,-,-,G,S,S,T,S,Y,A,D,S,V,K,G,R,F,T,I,S,R,D,N,A,K,N,T,L,Y,L,Q,M,N,S,L,R,A,E,D,T,A,V,Y,Y,C,A,R,E,G,P,A,S,G,-,-,-,-,-,-,-,-,-,-,-,-,-,-,-,-,-,-,-,-,-,-,-,-,-,-,-,-,-,-,-,-,-,G,Y,Q,K,V,T,F,G,I,G,T,K,-,-,-,-,-
TGCGGGTGTTAAGACA-40_IGH_CARDRGSGGSNYKLTF,0,human,H,3e-55,177.0,19,139,,,0.00,,0.00,E,V,Q,L,V,E,S,-,G,G,G,L,V,Q,P,G,G,S,L,R,L,S,C,A,A,S,G,-,F,T,F,S,S,-,-,-,-,-,Y,W,M,H,W,V,R,Q,A,P,G,K,G,L,V,W,V,S,R,I,N,S,D,-,-,-,G,S,S,T,S,Y,A,D,S,V,K,G,R,F,T,I,S,R,D,N,A,K,N,T,L,Y,L,Q,M,N,S,L,R,A,E,D,T,A,V,Y,Y,C,A,R,D,R,G,S,G,G,-,-,-,-,-,-,-,-,-,-,-,-,-,-,-,-,-,-,-,-,-,-,-,-,-,-,-,-,-,-,-,-,-,S,N,Y,K,L,T,F,G,K,G,T,L,L,T,V,N,P
TGCGTGGCAAGGCTCC-7_IGH_CARDRGSGGSNYKLTF,0,human,H,3e-55,177.0,19,139,,,0.00,,0.00,E,V,Q,L,V,E,S,-,G,G,G,L,V,Q,P,G,G,S,L,R,L,S,C,A,A,S,G,-,F,T,F,S,S,-,-,-,-,-,Y,W,M,H,W,V,R,Q,A,P,G,K,G,L,V,W,V,S,R,I,N,S,D,-,-,-,G,S,S,T,S,Y,A,D,S,V,K,G,R,F,T,I,S,R,D,N,A,K,N,T,L,Y,L,Q,M,N,S,L,R,A,E,D,T,A,V,Y,Y,C,A,R,D,R,G,S,G,G,-,-,-,-,-,-,-,-,-,-,-,-,-,-,-,-,-,-,-,-,-,-,-,-,-,-,-,-,-,-,-,-,-,S,N,Y,K,L,T,F,G,K,G,T,L,L,T,V,N,P
TTAGGCAAGCGGCTTC-29_IGH_CARDRGSGGSNYKLTF,0,human,H,3e-55,177.0,19,139,,,0.00,,0.00,E,V,Q,L,V,E,S,-,G,G,G,L,V,Q,P,G,G,S,L,R,L,S,C,A,A,S,G,-,F,T,F,S,S,-,-,-,-,-,Y,W,M,H,W,V,R,Q,A,P,G,K,G,L,V,W,V,S,R,I,N,S,D,-,-,-,G,S,S,T,S,Y,A,D,S,V,K,G,R,F,T,I,S,R,D,N,A,K,N,T,L,Y,L,Q,M,N,S,L,R,A,E,D,T,A,V,Y,Y,C,A,R,D,R,G,S,G,G,-,-,-,-,-,-,-,-,-,-,-,-,-,-,-,-,-,-,-,-,-,-,-,-,-,-,-,-,-,-,-,-,-,S,N,Y,K,L,T,F,G,K,G,T,L,L,T,V,N,P
TTAGTTCAGACTTTCG-33_IGH_CARDRGSGGSNYKLTF,0,human,H,3e-55,177.0,19,139,,,0.00,,0.00,E,V,Q,L,V,E,S,-,G,G,G,L,V,Q,P,G,G,S,L,R,L,S,C,A,A,S,G,-,F,T,F,S,S,-,-,-,-,-,Y,W,M,H,W,V,R,Q,A,P,G,K,G,L,V,W,V,S,R,I,N,S,D,-,-,-,G,S,S,T,S,Y,A,D,S,V,K,G,R,F,T,I,S,R,D,N,A,K,N,T,L,Y,L,Q,M,N,S,L,R,A,E,D,T,A,V,Y,Y,C,A,R,D,R,G,S,G,G,-,-,-,-,-,-,-,-,-,-,-,-,-,-,-,-,-,-,-,-,-,-,-,-,-,-,-,-,-,-,-,-,-,S,N,Y,K,L,T,F,G,K,G,T,L,L,T,V,N,P
TTCCCAGCAGGGTTAG-17_IGH_CARDRGSGGSNYKLTF,0,human,H,8.5e-55,175.5,19,139,,,0.00,,0.00,E,V,Q,L,V,E,S,-,G,G,G,L,V,Q,P,G,G,S,L,R,L,S,C,A,A,S,G,-,F,T,F,S,S,-,-,-,-,-,Y,W,M,H,W,V,R,Q,A,P,G,K,G,L,V,W,V,S,R,I,N,S,D,-,-,-,G,S,S,T,S,Y,A,D,S,V,K,G,R,F,T,I,S,R,D,N,A,K,N,T,L,Y,L,Q,M,N,S,L,R,A,E,D,T,A,V,Y,Y,C,A,R,D,R,G,S,G,G,-,-,-,-,-,-,-,-,-,-,-,-,-,-,-,-,-,-,-,-,-,-,-,-,-,-,-,-,-,-,-,-,-,S,N,Y,K,L,T,F,G,K,G,T,L,L,T,V,N,P
TTCTACATCACTTACT-37_IGH_CARDRGSGGSNYKLTF,0,human,H,3e-55,177.0,19,139,,,0.00,,0.00,E,V,Q,L,V,E,S,-,G,G,G,L,V,Q,P,G,G,S,L,R,L,S,C,A,A,S,G,-,F,T,F,S,S,-,-,-,-,-,Y,W,M,H,W,V,R,Q,A,P,G,K,G,L,V,W,V,S,R,I,N,S,D,-,-,-,G,S,S,T,S,Y,A,D,S,V,K,G,R,F,T,I,S,R,D,N,A,K,N,T,L,Y,L,Q,M,N,S,L,R,A,E,D,T,A,V,Y,Y,C,A,R,D,R,G,S,G,G,-,-,-,-,-,-,-,-,-,-,-,-,-,-,-,-,-,-,-,-,-,-,-,-,-,-,-,-,-,-,-,-,-,S,N,Y,K,L,T,F,G,K,G,T,L,L,T,V,N,P
TTCTCAAAGTGTACGG-30_IGH_CARDDGNQFYF,0,human,H,8.5e-54,172.3,19,134,,,0.00,,0.00,E,V,Q,L,V,E,S,-,G,G,G,L,V,Q,P,G,G,S,L,R,L,S,C,A,A,S,G,-,F,T,F,S,S,-,-,-,-,-,Y,W,M,H,W,V,R,Q,A,P,G,K,G,L,V,W,V,S,R,I,N,S,D,-,-,-,G,S,S,T,S,Y,A,D,S,V,K,G,R,F,T,I,S,R,D,N,A,K,N,T,L,Y,L,Q,M,N,S,L,R,A,E,D,T,A,V,Y,Y,C,A,R,D,D,G,-,-,-,-,-,-,-,-,-,-,-,-,-,-,-,-,-,-,-,-,-,-,-,-,-,-,-,-,-,-,-,-,-,-,-,-,-,-,N,Q,F,Y,F,G,T,G,T,S,L,T,V,I,P
TTCTCCTGTGATGCCC-18_IGH_CARDRGSGGSNYKLTF,0,human,H,3e-55,177.0,19,139,,,0.00,,0.00,E,V,Q,L,V,E,S,-,G,G,G,L,V,Q,P,G,G,S,L,R,L,S,C,A,A,S,G,-,F,T,F,S,S,-,-,-,-,-,Y,W,M,H,W,V,R,Q,A,P,G,K,G,L,V,W,V,S,R,I,N,S,D,-,-,-,G,S,S,T,S,Y,A,D,S,V,K,G,R,F,T,I,S,R,D,N,A,K,N,T,L,Y,L,Q,M,N,S,L,R,A,E,D,T,A,V,Y,Y,C,A,R,D,R,G,S,G,G,-,-,-,-,-,-,-,-,-,-,-,-,-,-,-,-,-,-,-,-,-,-,-,-,-,-,-,-,-,-,-,-,-,S,N,Y,K,L,T,F,G,K,G,T,L,L,T,V,N,P
TTTGTCAGTACACCGC-39_IGH_CARDRGSGGSNYKLTF,0,human,H,2.3e-54,174.1,19,139,,,0.00,,0.00,E,V,Q,L,V,E,S,-,G,G,G,L,V,Q,P,G,G,S,L,R,L,S,C,A,A,S,G,-,F,T,F,S,S,-,-,-,-,-,Y,W,M,H,W,V,R,Q,A,P,G,K,G,L,V,W,V,S,R,I,N,S,D,-,-,-,G,S,S,T,S,Y,A,D,S,V,K,G,R,F,T,T,S,R,D,N,A,K,N,T,L,Y,L,Q,M,N,S,L,R,A,E,D,T,A,V,Y,Y,C,A,R,D,R,G,S,G,G,-,-,-,-,-,-,-,-,-,-,-,-,-,-,-,-,-,-,-,-,-,-,-,-,-,-,-,-,-,-,-,-,-,S,N,Y,K,L,T,F,G,K,G,T,L,L,T,V,N,P
